player,fpl_id,web_name,final_team,note
A.Becker,366,A.Becker,LIV,
Aaronson,350,Aaronson,LEE,
Abdullahi,562,Abdullahi,SUN,
Acheampong,233,Acheampong,CHE,
Agbadou,631,Agbadou,WOL,
Ajer,108,Ajer,BRE,
Alderete,683,Alderete,SUN,
Amad,452,Amad,MUN,
Ampadu,354,Ampadu,LEE,
Andersen,317,Andersen,FUL,
Anderson,517,Anderson,NFO,
Anthony,200,Anthony,BUR,
Armstrong,817,Armstrong,WOL,
Aït-Nouri,402,Aït-Nouri,MCI,
B.Fernandes,449,B.Fernandes,MUN,
Ba,554,Ba,SUN,
Ballard,531,Ballard,SUN,
Barnes,487,Barnes,NEW,"Harvey Barnes assumed; GW28/30 crests may be Ashley Barnes (BUR, id 218)"
Bassey,318,Bassey,FUL,
Bijol,344,Bijol,LEE,
Bogle,342,Bogle,LEE,
Bowen,624,Bowen,WHU,
Brobbey,730,Brobbey,SUN,
Bruno G.,488,Bruno G.,NEW,
Burn,476,Burn,NEW,
Calafiori,7,Calafiori,ARS,
Calvert-Lewin,691,Calvert-Lewin,LEE,
Canvot,723,Canvot,CRY,
Carvalho,123,Carvalho,BRE,
Cash,36,Cash,AVL,
Chalobah,226,Chalobah,CHE,
Cherki,417,Cherki,MCI,
Chirewa,650,Chirewa,WOL,
Collins,106,Collins,BRE,
Cucurella,224,Cucurella,CHE,
Cunha,450,Cunha,MUN,
Dalot,440,Dalot,MUN,
Danso,570,Danso,TOT,
Darlow,341,Darlow,LEE,
De Cuyper,145,De Cuyper,BHA,
De Ligt,436,De Ligt,MUN,
Devenny,276,Devenny,CRY,
Dewsbury-Hall,242,Dewsbury-Hall,EVE,
Diakité,685,Diakité,BOU,
Digne,37,Digne,AVL,
Diouf,603,Diouf,WHU,
Doku,418,Doku,MCI,
Donnarumma,736,Donnarumma,MCI,
Dorgu,441,Dorgu,MUN,
Dúbravka,470,Dúbravka,BUR,
E.Le Fée,547,E.Le Fée,SUN,
Ekdal,190,Ekdal,BUR,
Ekitiké,661,Ekitiké,LIV,
Elanga,486,Elanga,NEW,
Elliott,389,Elliott,AVL,
Enzo,237,Enzo,CHE,
Estève,191,Estève,BUR,
Evanilson,97,Evanilson,BOU,
Eze,266,Eze,ARS,
F.Kadıoğlu,148,F.Kadıoğlu,BHA,
Flemming,215,Flemming,BUR,
Foden,414,Foden,MCI,
Foster,217,Foster,BUR,
Fraser,658,Fraser,WOL,
Frimpong,370,Frimpong,LIV,
Füllkrug,625,Füllkrug,WHU,
Gabriel,5,Gabriel,ARS,
Gakpo,384,Gakpo,LIV,
Gallagher,796,Gallagher,TOT,
Garner,303,Garner,EVE,
Georginio,158,Georginio,BHA,
Gibbs-White,515,Gibbs-White,NFO,
Gonzalez,652,Gonzalez,WOL,
Gordon,485,Gordon,NEW,
Grealish,419,Grealish,EVE,
Groß,783,Groß,BHA,
Gudmundsson,347,Gudmundsson,LEE,
Guéhi,260,Guéhi,MCI,
Gvardiol,403,Gvardiol,MCI,
Gyökeres,666,Gyökeres,ARS,
Haaland,430,Haaland,MCI,
Hall,473,Hall,NEW,
Hartman,192,Hartman,BUR,
Heaven,447,Heaven,MUN,
Henderson,253,Henderson,CRY,
Hermansen,679,Hermansen,WHU,
Hill,77,Hill,BOU,
Hincapie,725,Hincapie,ARS,
Hinshelwood,163,Hinshelwood,BHA,
Isak,499,Isak,LIV,
J.Gomes,646,J.Gomes,WOL,
J.Timber,8,J.Timber,ARS,
James,225,James,CHE,resolved from Chelsea crest in GW27/31 graphics
John,715,John,NFO,
Johnson,580,Johnson,CRY,Brennan Johnson (TOT at the time); only plausible match
José Sá,628,José Sá,WOL,
João Pedro,249,João Pedro,CHE,
Justin,706,Justin,LEE,
Kayode,110,Kayode,BRE,
Keane,295,Keane,EVE,
Kelleher,101,Kelleher,BRE,
King,335,King,FUL,Josh King; other Kings played 0 pts
Kinsky,567,Kinsky,TOT,
Kolo Muani,726,Kolo Muani,TOT,
Konaté,374,Konaté,LIV,
Konsa,38,Konsa,AVL,
Krejčí,709,Krejčí,WOL,
Kroupi.Jr,100,Kroupi.Jr,BOU,
Kudus,582,Kudus,TOT,
L.Miley,497,L.Miley,NEW,
L.Paquetá,612,L.Paquetá,WHU,
Lacroix,257,Lacroix,CRY,
Lammens,733,Lammens,MUN,
Leno,314,Leno,FUL,
Lewis-Skelly,10,Lewis-Skelly,ARS,
Livramento,477,Livramento,NEW,
Longstaff,493,Longstaff,LEE,
M.Bizot,33,M.Bizot,AVL,
M.Salah,381,M.Salah,LIV,
Mac Allister,386,Mac Allister,LIV,
Maguire,442,Maguire,MUN,
Mainoo,458,Mainoo,MUN,
Mamardashvili,367,Mamardashvili,LIV,
Mané,749,Mané,WOL,
Marc Guiu,252,Marc Guiu,CHE,
Marmoush,413,Marmoush,MCI,
Marshall,626,Marshall,WHU,
Martinelli,19,Martinelli,ARS,
Martinez,32,Martinez,AVL,
Mateta,283,Mateta,CRY,
Matheus N.,407,Matheus N.,MCI,
Mavropanos,606,Mavropanos,WHU,
Mbeumo,119,Mbeumo,MUN,
Milenković,505,Milenković,NFO,
Minteh,160,Minteh,BHA,
Mitoma,157,Mitoma,BHA,
Mukiele,694,Mukiele,SUN,
Muniz,338,Muniz,FUL,
Murillo,506,Murillo,NFO,
Muñoz,256,Muñoz,CRY,
N.Williams,508,N.Williams,NFO,
Ndiaye,299,Ndiaye,EVE,
Ndoye,669,Ndoye,NFO,
Nmecha,365,Nmecha,LEE,
O'Reilly,411,O'Reilly,MCI,
O.Dango,83,O.Dango,BRE,
Obi,467,Obi,MUN,
Okafor,698,Okafor,LEE,
Osula,500,Osula,NEW,
P.M.Sarr,593,P.M.Sarr,TOT,
Palmer,235,Palmer,CHE,
Pedro Porro,568,Pedro Porro,TOT,
Perri,665,Perri,LEE,
Petrović,67,Petrović,BOU,
Pickford,287,Pickford,EVE,
Pope,469,Pope,NEW,
Potts,623,Potts,WHU,
Raya,1,Raya,ARS,
Rayan,807,Rayan,BOU,
Raúl,337,Raúl,FUL,
Reijnders,427,Reijnders,MCI,
Reinildo,541,Reinildo,SUN,
Rice,21,Rice,ARS,
Richards,261,Richards,CRY,
Richarlison,597,Richarlison,TOT,
Rodon,348,Rodon,LEE,
Roefs,670,Roefs,SUN,
Rogers,47,Rogers,AVL,
Romero,569,Romero,TOT,
Saka,16,Saka,ARS,
Saliba,6,Saliba,ARS,
Sarr,267,Sarr,CRY,
Schade,120,Schade,BRE,
Scott,90,Scott,BOU,
Sels,502,Sels,NFO,
Semenyo,82,Semenyo,MCI,
Senesi,72,Senesi,BOU,
Solanke,596,Solanke,TOT,
Spence,573,Spence,TOT,
Stach,660,Stach,LEE,
Strand Larsen,654,Strand Larsen,CRY,
Struijk,343,Struijk,LEE,
Summerville,615,Summerville,WHU,
Szoboszlai,387,Szoboszlai,LIV,
Sánchez,220,Sánchez,CHE,
Tarkowski,291,Tarkowski,EVE,
Taty,791,Taty,WHU,
Tavernier,84,Tavernier,BOU,
Tete,322,Tete,FUL,
Thiago,136,Thiago,BRE,
Thiaw,684,Thiaw,NEW,
Tielemans,48,Tielemans,AVL,
Tolu,720,Tolu,WOL,
Tonali,491,Tonali,NEW,
Tosin,232,Tosin,CHE,
Trippier,478,Trippier,NEW,
Trossard,20,Trossard,ARS,
Truffert,74,Truffert,BOU,
Tuanzebe,198,Tuanzebe,BUR,
Valdimarsson,105,Valdimarsson,BRE,
Van Hecke,151,Van Hecke,BHA,
Van de Ven,575,Van de Ven,TOT,
Van den Berg,113,Van den Berg,BRE,
Verbruggen,139,Verbruggen,BHA,
Vicario,565,Vicario,TOT,
Virgil,373,Virgil,LIV,
Watkins,64,Watkins,AVL,
Welbeck,178,Welbeck,BHA,
White,11,White,ARS,
Wilson,329,Wilson,FUL,
Wirtz,382,Wirtz,LIV,
Woltemade,714,Woltemade,NEW,
Wood,525,Wood,NFO,
Xavi,717,Xavi,TOT,
Xhaka,668,Xhaka,SUN,
Yeremy,712,Yeremy,CRY,
Yoro,444,Yoro,MUN,
Zirkzee,466,Zirkzee,MUN,
