season,gw,table,item,ae64,e64
2025-26,1,captain,M.Salah,63,56
2025-26,1,captain,Palmer,0,3
2025-26,1,captain,Haaland,1,2
2025-26,1,captain,Wirtz,0,1
2025-26,1,chip_active,None,62,57
2025-26,1,chip_active,BB,2,5
2025-26,2,captain,M.Salah,41,40
2025-26,2,captain,Palmer,22,8
2025-26,2,captain,Saka,0,8
2025-26,2,captain,Haaland,1,2
2025-26,2,captain,Watkins,0,2
2025-26,2,captain,Semenyo,0,1
2025-26,2,captain,Gyökeres,0,1
2025-26,2,captain,Evanilson,0,1
2025-26,2,chip_active,None,64,62
2025-26,2,chip_active,BB,0,2
2025-26,2,fts_remaining_next,1,4,10
2025-26,2,fts_remaining_next,2,60,54
2025-26,2,fts_used,0,60,54
2025-26,2,fts_used,1,4,10
2025-26,2,hits,0,64,64
2025-26,2,transfer_in,Reijnders,3,7
2025-26,2,transfer_in,Semenyo,0,1
2025-26,2,transfer_in,Sarr,1,0
2025-26,2,transfer_in,Richards,0,1
2025-26,2,transfer_in,Muñoz,0,1
2025-26,2,transfer_out,Georginio,2,2
2025-26,2,transfer_out,Wirtz,0,3
2025-26,2,transfer_out,Anderson,0,2
2025-26,2,transfer_out,Tielemans,1,0
2025-26,2,transfer_out,Rogers,0,1
2025-26,2,transfer_out,Konsa,0,1
2025-26,2,transfer_out,Frimpong,0,1
2025-26,2,transfer_out,Eze,1,0
2025-26,3,captain,B.Fernandes,64,34
2025-26,3,captain,Cunha,0,9
2025-26,3,captain,Wood,0,8
2025-26,3,captain,M.Salah,0,5
2025-26,3,captain,João Pedro,0,5
2025-26,3,captain,Haaland,0,3
2025-26,3,chip_active,None,62,62
2025-26,3,chip_active,WC,0,4
2025-26,3,chip_active,FH,2,1
2025-26,3,chip_active,TC,0,1
2025-26,3,chip_active,BB,0,1
2025-26,3,fts_remaining_next,1,53,49
2025-26,3,fts_remaining_next,2,5,13
2025-26,3,fts_remaining_next,3,6,1
2025-26,3,fts_used,0,6,1
2025-26,3,fts_used,1,6,18
2025-26,3,fts_used,2,50,37
2025-26,3,fts_used,3,0,3
2025-26,3,fts_used,WC,0,4
2025-26,3,fts_used,FH,2,1
2025-26,3,hits,0,63,61
2025-26,3,hits,-4,1,3
2025-26,3,transfer_in,Gyökeres,44,8
2025-26,3,transfer_in,Sarr,13,18
2025-26,3,transfer_in,Anderson,10,3
2025-26,3,transfer_in,Cunha,3,10
2025-26,3,transfer_in,Wood,1,10
2025-26,3,transfer_in,Tielemans,10,1
2025-26,3,transfer_in,Kudus,2,7
2025-26,3,transfer_in,Mateta,2,7
2025-26,3,transfer_in,O.Dango,7,1
2025-26,3,transfer_in,Semenyo,0,7
2025-26,3,transfer_in,B.Fernandes,0,6
2025-26,3,transfer_in,Mitoma,5,0
2025-26,3,transfer_in,João Pedro,0,5
2025-26,3,transfer_in,Reijnders,3,1
2025-26,3,transfer_in,Gakpo,1,2
2025-26,3,transfer_in,Elanga,0,3
2025-26,3,transfer_in,Mbeumo,1,1
2025-26,3,transfer_in,Watkins,2,0
2025-26,3,transfer_in,Stach,1,1
2025-26,3,transfer_in,Ndoye,0,1
2025-26,3,transfer_in,Haaland,0,1
2025-26,3,transfer_in,Georginio,1,0
2025-26,3,transfer_in,Ekitiké,0,1
2025-26,3,transfer_in,Dorgu,0,1
2025-26,3,transfer_in,Van de Ven,0,1
2025-26,3,transfer_in,Johnson,0,1
2025-26,3,transfer_out,Palmer,54,51
2025-26,3,transfer_out,Marc Guiu,29,24
2025-26,3,transfer_out,Strand Larsen,16,4
2025-26,3,transfer_out,Georginio,3,4
2025-26,3,transfer_out,Saka,0,5
2025-26,3,transfer_out,Kroupi.Jr,3,0
2025-26,3,transfer_out,Wirtz,0,2
2025-26,3,transfer_out,Watkins,0,1
2025-26,3,transfer_out,Thiago,1,0
2025-26,3,transfer_out,Raúl,0,1
2025-26,3,transfer_out,Ndiaye,0,1
2025-26,3,transfer_out,Mateta,0,1
2025-26,3,transfer_out,Estève,0,1
2025-26,3,transfer_out,Diouf,0,1
2025-26,3,transfer_out,Bowen,0,1
2025-26,4,captain,M.Salah,63,61
2025-26,4,captain,Haaland,0,2
2025-26,4,captain,Gyökeres,1,1
2025-26,4,chip_active,None,50,52
2025-26,4,chip_active,WC,13,8
2025-26,4,chip_active,FH,0,4
2025-26,4,chip_active,TC,1,0
2025-26,4,fts_remaining_next,1,52,45
2025-26,4,fts_remaining_next,2,10,15
2025-26,4,fts_remaining_next,3,2,4
2025-26,4,fts_used,0,7,11
2025-26,4,fts_used,1,38,29
2025-26,4,fts_used,2,2,12
2025-26,4,fts_used,3,4,0
2025-26,4,fts_used,WC,13,8
2025-26,4,fts_used,FH,0,4
2025-26,4,hits,0,64,55
2025-26,4,hits,-4,0,9
2025-26,4,transfer_in,Semenyo,2,15
2025-26,4,transfer_in,Lacroix,12,3
2025-26,4,transfer_in,Muñoz,6,9
2025-26,4,transfer_in,Virgil,12,1
2025-26,4,transfer_in,Gyökeres,7,4
2025-26,4,transfer_in,L.Paquetá,5,5
2025-26,4,transfer_in,Senesi,0,4
2025-26,4,transfer_in,Mateta,1,3
2025-26,4,transfer_in,Stach,2,0
2025-26,4,transfer_in,M.Salah,0,2
2025-26,4,transfer_in,Grealish,0,2
2025-26,4,transfer_in,J.Timber,0,1
2025-26,4,transfer_in,Ekdal,0,1
2025-26,4,transfer_in,Elliott,1,0
2025-26,4,transfer_in,Gabriel,1,0
2025-26,4,transfer_in,King,0,1
2025-26,4,transfer_in,João Pedro,0,1
2025-26,4,transfer_in,Richards,0,1
2025-26,4,transfer_in,Tonali,1,0
2025-26,4,transfer_in,Minteh,1,0
2025-26,4,transfer_in,Reijnders,1,0
2025-26,4,transfer_in,Barnes,1,0
2025-26,4,transfer_out,Sarr,8,13
2025-26,4,transfer_out,Murillo,15,4
2025-26,4,transfer_out,Dorgu,7,5
2025-26,4,transfer_out,Palmer,5,4
2025-26,4,transfer_out,Strand Larsen,4,4
2025-26,4,transfer_out,Cunha,1,5
2025-26,4,transfer_out,Marc Guiu,2,4
2025-26,4,transfer_out,Romero,4,1
2025-26,4,transfer_out,Estève,0,4
2025-26,4,transfer_out,N.Williams,3,1
2025-26,4,transfer_out,Aït-Nouri,0,2
2025-26,4,transfer_out,Thiago,2,0
2025-26,4,transfer_out,Pedro Porro,1,1
2025-26,4,transfer_out,Gudmundsson,1,0
2025-26,4,transfer_out,Diouf,0,1
2025-26,4,transfer_out,Reijnders,0,1
2025-26,4,transfer_out,B.Fernandes,0,1
2025-26,4,transfer_out,Rogers,0,1
2025-26,4,transfer_out,Agbadou,0,1
2025-26,5,captain,M.Salah,63,60
2025-26,5,captain,Semenyo,0,4
2025-26,5,captain,B.Fernandes,1,0
2025-26,5,chip_active,None,44,52
2025-26,5,chip_active,BB,20,12
2025-26,5,fts_remaining_next,1,8,7
2025-26,5,fts_remaining_next,2,46,40
2025-26,5,fts_remaining_next,3,8,14
2025-26,5,fts_remaining_next,4,2,3
2025-26,5,fts_used,0,56,54
2025-26,5,fts_used,1,6,10
2025-26,5,fts_used,2,2,0
2025-26,5,hits,0,64,64
2025-26,5,transfer_in,Semenyo,0,5
2025-26,5,transfer_in,Senesi,2,1
2025-26,5,transfer_in,Evanilson,2,0
2025-26,5,transfer_in,Lacroix,1,1
2025-26,5,transfer_in,Virgil,1,1
2025-26,5,transfer_in,Agbadou,1,0
2025-26,5,transfer_in,Anderson,0,1
2025-26,5,transfer_in,Gyökeres,1,0
2025-26,5,transfer_in,Palmer,0,1
2025-26,5,transfer_in,Stach,1,0
2025-26,5,transfer_in,Thiago,1,0
2025-26,5,transfer_out,Murillo,5,2
2025-26,5,transfer_out,Strand Larsen,3,0
2025-26,5,transfer_out,Rogers,0,2
2025-26,5,transfer_out,Tielemans,1,1
2025-26,5,transfer_out,Wirtz,0,2
2025-26,5,transfer_out,Elanga,0,1
2025-26,5,transfer_out,Marc Guiu,1,0
2025-26,5,transfer_out,Pedro Porro,0,1
2025-26,5,transfer_out,Potts,0,1
2025-26,6,captain,Haaland,64,63
2025-26,6,captain,B.Fernandes,0,1
2025-26,6,chip_active,None,1,4
2025-26,6,chip_active,FH,5,0
2025-26,6,chip_active,WC,46,28
2025-26,6,chip_active,TC,12,32
2025-26,6,fts_remaining_next,1,17,32
2025-26,6,fts_remaining_next,2,38,20
2025-26,6,fts_remaining_next,3,8,11
2025-26,6,fts_remaining_next,4,1,0
2025-26,6,fts_remaining_next,5,0,1
2025-26,6,fts_used,WC,46,28
2025-26,6,fts_used,FH,5,0
2025-26,6,fts_used,0,1,2
2025-26,6,fts_used,1,1,4
2025-26,6,fts_used,2,10,22
2025-26,6,fts_used,3,1,7
2025-26,6,fts_used,4,0,0
2025-26,6,fts_used,5,0,1
2025-26,6,hits,0,64,58
2025-26,6,hits,-4,0,5
2025-26,6,hits,-8,0,1
2025-26,6,transfer_in,Haaland,11,27
2025-26,6,transfer_in,Reijnders,5,7
2025-26,6,transfer_in,Semenyo,3,7
2025-26,6,transfer_in,Ndiaye,4,3
2025-26,6,transfer_in,B.Fernandes,0,5
2025-26,6,transfer_in,Foden,1,3
2025-26,6,transfer_in,Senesi,0,4
2025-26,6,transfer_in,Mbeumo,0,3
2025-26,6,transfer_in,Stach,0,3
2025-26,6,transfer_in,Grealish,0,2
2025-26,6,transfer_in,Gabriel,0,2
2025-26,6,transfer_in,Petrović,0,1
2025-26,6,transfer_in,Tarkowski,0,1
2025-26,6,transfer_in,King,0,1
2025-26,6,transfer_in,João Pedro,0,1
2025-26,6,transfer_in,Richarlison,0,1
2025-26,6,transfer_in,Gvardiol,0,1
2025-26,6,transfer_in,Dewsbury-Hall,0,1
2025-26,6,transfer_in,Xavi,0,1
2025-26,6,transfer_out,M.Salah,11,24
2025-26,6,transfer_out,Watkins,0,12
2025-26,6,transfer_out,Mateta,6,5
2025-26,6,transfer_out,Thiago,4,1
2025-26,6,transfer_out,Wirtz,1,4
2025-26,6,transfer_out,Strand Larsen,1,3
2025-26,6,transfer_out,Rogers,0,3
2025-26,6,transfer_out,Muñoz,0,2
2025-26,6,transfer_out,Wood,0,2
2025-26,6,transfer_out,Ekitiké,0,2
2025-26,6,transfer_out,Evanilson,0,1
2025-26,6,transfer_out,Fraser,0,1
2025-26,6,transfer_out,Gakpo,0,1
2025-26,6,transfer_out,Marc Guiu,0,1
2025-26,6,transfer_out,Elanga,0,1
2025-26,6,transfer_out,L.Paquetá,0,1
2025-26,6,transfer_out,Elliott,0,1
2025-26,6,transfer_out,Murillo,0,1
2025-26,6,transfer_out,Milenković,0,1
2025-26,6,transfer_out,Muniz,0,1
2025-26,6,transfer_out,N.Williams,0,1
2025-26,6,transfer_out,Pedro Porro,0,1
2025-26,6,transfer_out,Perri,0,1
2025-26,6,transfer_out,Reinildo,0,1
2025-26,6,transfer_out,Sarr,0,1
2025-26,6,transfer_out,Tielemans,1,0
2025-26,6,transfer_out,Cucurella,0,1
2025-26,6,wc_pick_pct,Raya,100,96
2025-26,6,wc_pick_pct,Dúbravka,89,100
2025-26,6,wc_pick_pct,Petrović,11,0
2025-26,6,wc_pick_pct,Vicario,0,4
2025-26,6,wc_pick_pct,Senesi,98,100
2025-26,6,wc_pick_pct,Gabriel,98,96
2025-26,6,wc_pick_pct,Andersen,91,75
2025-26,6,wc_pick_pct,Tarkowski,89,68
2025-26,6,wc_pick_pct,Gvardiol,41,14
2025-26,6,wc_pick_pct,Rodon,13,36
2025-26,6,wc_pick_pct,Richards,2,32
2025-26,6,wc_pick_pct,Alderete,11,18
2025-26,6,wc_pick_pct,Lacroix,13,7
2025-26,6,wc_pick_pct,Van Hecke,9,7
2025-26,6,wc_pick_pct,B.Fernandes,100,96
2025-26,6,wc_pick_pct,Reijnders,100,96
2025-26,6,wc_pick_pct,Stach,67,89
2025-26,6,wc_pick_pct,Ndiaye,78,75
2025-26,6,wc_pick_pct,Semenyo,54,89
2025-26,6,wc_pick_pct,Foden,52,29
2025-26,6,wc_pick_pct,Saka,9,11
2025-26,6,wc_pick_pct,Enzo,11,0
2025-26,6,wc_pick_pct,Cunha,9,0
2025-26,6,wc_pick_pct,Minteh,4,4
2025-26,6,wc_pick_pct,Haaland,100,100
2025-26,6,wc_pick_pct,Gyökeres,87,79
2025-26,6,wc_pick_pct,João Pedro,22,79
2025-26,6,wc_pick_pct,Calvert-Lewin,48,4
2025-26,6,wc_pick_pct,Richarlison,7,21
2025-26,6,wc_pick_pct,Marc Guiu,24,4
2025-26,6,wc_pick_pct,Foster,4,4
2025-26,6,wc_pick_pct,Evanilson,4,4
2025-26,6,wc_pick_pct,Strand Larsen,2,4
2025-26,6,wc_pick_pct,Muniz,2,4
2025-26,7,captain,Haaland,57,63
2025-26,7,captain,B.Fernandes,5,0
2025-26,7,captain,Saka,1,1
2025-26,7,captain,Gyökeres,1,0
2025-26,7,chip_active,None,34,52
2025-26,7,chip_active,BB,29,10
2025-26,7,chip_active,WC,1,2
2025-26,7,fts_remaining_next,1,4,29
2025-26,7,fts_remaining_next,2,18,9
2025-26,7,fts_remaining_next,3,35,18
2025-26,7,fts_remaining_next,4,6,8
2025-26,7,fts_remaining_next,5,1,0
2025-26,7,fts_used,WC,1,2
2025-26,7,fts_used,0,54,31
2025-26,7,fts_used,1,8,23
2025-26,7,fts_used,2,1,5
2025-26,7,fts_used,3,0,3
2025-26,7,hits,0,64,60
2025-26,7,hits,-4,0,3
2025-26,7,hits,-8,0,1
2025-26,7,transfer_in,Gabriel,4,8
2025-26,7,transfer_in,Saka,2,7
2025-26,7,transfer_in,Gordon,0,7
2025-26,7,transfer_in,Gyökeres,0,6
2025-26,7,transfer_in,Senesi,0,5
2025-26,7,transfer_in,J.Timber,0,3
2025-26,7,transfer_in,Sarr,0,2
2025-26,7,transfer_in,Raya,0,2
2025-26,7,transfer_in,Trippier,0,1
2025-26,7,transfer_in,Semenyo,1,0
2025-26,7,transfer_in,Pope,0,1
2025-26,7,transfer_in,Minteh,1,0
2025-26,7,transfer_in,Mamardashvili,0,1
2025-26,7,transfer_in,Lacroix,1,0
2025-26,7,transfer_in,Eze,0,1
2025-26,7,transfer_in,Calafiori,1,0
2025-26,7,transfer_out,Wirtz,2,6
2025-26,7,transfer_out,Pedro Porro,1,5
2025-26,7,transfer_out,Murillo,2,3
2025-26,7,transfer_out,Cucurella,0,3
2025-26,7,transfer_out,Gakpo,0,3
2025-26,7,transfer_out,Sels,0,3
2025-26,7,transfer_out,Muñoz,2,0
2025-26,7,transfer_out,Gudmundsson,0,2
2025-26,7,transfer_out,João Pedro,0,2
2025-26,7,transfer_out,M.Salah,0,2
2025-26,7,transfer_out,Wood,0,2
2025-26,7,transfer_out,N.Williams,0,1
2025-26,7,transfer_out,Ndiaye,0,1
2025-26,7,transfer_out,Ndoye,0,1
2025-26,7,transfer_out,Mitoma,1,0
2025-26,7,transfer_out,Martinez,0,1
2025-26,7,transfer_out,Palmer,0,1
2025-26,7,transfer_out,Livramento,0,1
2025-26,7,transfer_out,Lacroix,1,0
2025-26,7,transfer_out,Reijnders,0,1
2025-26,7,transfer_out,Richarlison,0,1
2025-26,7,transfer_out,Grealish,0,1
2025-26,7,transfer_out,Tielemans,1,0
2025-26,7,transfer_out,Elliott,0,1
2025-26,7,transfer_out,Van de Ven,0,1
2025-26,7,transfer_out,Bowen,0,1
2025-26,7,transfer_out,Aït-Nouri,0,1
2025-26,8,captain,Haaland,57,63
2025-26,8,captain,M.Salah,7,0
2025-26,8,captain,Saka,0,1
2025-26,8,chip_active,None,63,46
2025-26,8,chip_active,BB,0,11
2025-26,8,chip_active,WC,1,7
2025-26,8,fts_remaining_next,1,4,21
2025-26,8,fts_remaining_next,2,7,17
2025-26,8,fts_remaining_next,3,17,10
2025-26,8,fts_remaining_next,4,30,11
2025-26,8,fts_remaining_next,5,6,5
2025-26,8,fts_used,WC,1,7
2025-26,8,fts_used,0,52,32
2025-26,8,fts_used,1,4,12
2025-26,8,fts_used,2,7,11
2025-26,8,fts_used,3,0,2
2025-26,8,hits,0,64,60
2025-26,8,hits,-4,0,4
2025-26,8,transfer_in,Saka,4,7
2025-26,8,transfer_in,Gabriel,3,5
2025-26,8,transfer_in,Bowen,0,6
2025-26,8,transfer_in,Sarr,1,5
2025-26,8,transfer_in,Calvert-Lewin,0,4
2025-26,8,transfer_in,J.Timber,0,3
2025-26,8,transfer_in,João Pedro,2,1
2025-26,8,transfer_in,Mukiele,1,2
2025-26,8,transfer_in,Enzo,2,0
2025-26,8,transfer_in,Eze,0,2
2025-26,8,transfer_in,M.Salah,2,0
2025-26,8,transfer_in,Mateta,2,0
2025-26,8,transfer_in,Gakpo,0,1
2025-26,8,transfer_in,L.Paquetá,0,1
2025-26,8,transfer_in,Mamardashvili,0,1
2025-26,8,transfer_in,Marc Guiu,1,0
2025-26,8,transfer_in,Pope,0,1
2025-26,8,transfer_in,Thiago,0,1
2025-26,8,transfer_out,Gyökeres,3,3
2025-26,8,transfer_out,Cunha,3,2
2025-26,8,transfer_out,B.Fernandes,0,4
2025-26,8,transfer_out,Ndiaye,2,2
2025-26,8,transfer_out,Tarkowski,1,3
2025-26,8,transfer_out,Watkins,0,4
2025-26,8,transfer_out,Richarlison,0,3
2025-26,8,transfer_out,Haaland,2,0
2025-26,8,transfer_out,Mbeumo,0,2
2025-26,8,transfer_out,Wirtz,1,1
2025-26,8,transfer_out,Andersen,0,1
2025-26,8,transfer_out,Burn,0,1
2025-26,8,transfer_out,Cash,1,0
2025-26,8,transfer_out,Foden,1,0
2025-26,8,transfer_out,Foster,0,1
2025-26,8,transfer_out,Gakpo,0,1
2025-26,8,transfer_out,Georginio,0,1
2025-26,8,transfer_out,Grealish,0,1
2025-26,8,transfer_out,Guéhi,0,1
2025-26,8,transfer_out,Konsa,0,1
2025-26,8,transfer_out,M.Salah,1,0
2025-26,8,transfer_out,Mitoma,1,0
2025-26,8,transfer_out,Murillo,1,0
2025-26,8,transfer_out,N.Williams,0,1
2025-26,8,transfer_out,Raya,0,1
2025-26,8,transfer_out,Romero,1,0
2025-26,8,transfer_out,Sels,0,1
2025-26,8,transfer_out,Stach,0,1
2025-26,8,transfer_out,Virgil,0,1
2025-26,8,transfer_out,Wood,0,1
2025-26,8,transfer_out,Xavi,0,1
2025-26,8,transfer_out,Yoro,0,1
2025-26,9,captain,Haaland,40,62
2025-26,9,captain,B.Fernandes,16,1
2025-26,9,captain,M.Salah,6,0
2025-26,9,captain,Saka,2,0
2025-26,9,captain,Semenyo,0,1
2025-26,9,chip_active,None,64,55
2025-26,9,chip_active,WC,0,6
2025-26,9,chip_active,BB,0,3
2025-26,9,fts_remaining_next,1,8,20
2025-26,9,fts_remaining_next,2,8,21
2025-26,9,fts_remaining_next,3,19,12
2025-26,9,fts_remaining_next,4,13,9
2025-26,9,fts_remaining_next,5,16,2
2025-26,9,fts_used,WC,0,6
2025-26,9,fts_used,0,20,22
2025-26,9,fts_used,1,22,13
2025-26,9,fts_used,2,18,17
2025-26,9,fts_used,3,4,4
2025-26,9,fts_used,4,0,1
2025-26,9,fts_used,5,0,1
2025-26,9,hits,0,64,64
2025-26,9,transfer_in,Enzo,39,25
2025-26,9,transfer_in,Kroupi.Jr,7,5
2025-26,9,transfer_in,Keane,6,5
2025-26,9,transfer_in,Saka,4,5
2025-26,9,transfer_in,Rodon,2,7
2025-26,9,transfer_in,Calvert-Lewin,3,1
2025-26,9,transfer_in,Minteh,3,1
2025-26,9,transfer_in,Marc Guiu,1,3
2025-26,9,transfer_in,Woltemade,0,3
2025-26,9,transfer_in,Tarkowski,2,1
2025-26,9,transfer_in,J.Timber,1,2
2025-26,9,transfer_in,James,0,2
2025-26,9,transfer_in,Estève,0,1
2025-26,9,transfer_in,Gordon,0,1
2025-26,9,transfer_in,L.Paquetá,0,1
2025-26,9,transfer_in,L.Miley,0,1
2025-26,9,transfer_in,Virgil,0,1
2025-26,9,transfer_in,Mateta,0,1
2025-26,9,transfer_in,Obi,1,0
2025-26,9,transfer_in,Senesi,0,1
2025-26,9,transfer_in,Truffert,0,1
2025-26,9,transfer_in,Anderson,1,0
2025-26,9,transfer_out,Reijnders,11,17
2025-26,9,transfer_out,Foden,14,3
2025-26,9,transfer_out,Stach,6,8
2025-26,9,transfer_out,Gyökeres,3,6
2025-26,9,transfer_out,Evanilson,6,2
2025-26,9,transfer_out,Andersen,1,5
2025-26,9,transfer_out,Tarkowski,0,6
2025-26,9,transfer_out,Gvardiol,4,1
2025-26,9,transfer_out,L.Paquetá,3,1
2025-26,9,transfer_out,Alderete,3,1
2025-26,9,transfer_out,Richarlison,2,2
2025-26,9,transfer_out,Kudus,2,1
2025-26,9,transfer_out,Dorgu,2,1
2025-26,9,transfer_out,Georginio,3,0
2025-26,9,transfer_out,Romero,0,2
2025-26,9,transfer_out,Mitoma,2,0
2025-26,9,transfer_out,King,1,1
2025-26,9,transfer_out,João Pedro,0,2
2025-26,9,transfer_out,Ndiaye,1,1
2025-26,9,transfer_out,Van Hecke,0,1
2025-26,9,transfer_out,Anderson,1,0
2025-26,9,transfer_out,B.Fernandes,0,1
2025-26,9,transfer_out,Cunha,1,0
2025-26,9,transfer_out,Tielemans,1,0
2025-26,9,transfer_out,Pedro Porro,0,1
2025-26,9,transfer_out,Foster,1,0
2025-26,9,transfer_out,Rogers,0,1
2025-26,9,transfer_out,Konsa,0,1
2025-26,9,transfer_out,Van de Ven,0,1
2025-26,9,transfer_out,Lacroix,0,1
2025-26,9,transfer_out,M.Salah,1,0
2025-26,9,transfer_out,Muñoz,1,0
2025-26,9,transfer_out,Watkins,0,1
2025-26,10,captain,Haaland,58,62
2025-26,10,captain,M.Salah,5,0
2025-26,10,captain,Saka,1,2
2025-26,10,chip_active,None,64,55
2025-26,10,chip_active,WC,0,5
2025-26,10,chip_active,BB,0,4
2025-26,10,fts_remaining_next,1,9,29
2025-26,10,fts_remaining_next,2,16,17
2025-26,10,fts_remaining_next,3,14,14
2025-26,10,fts_remaining_next,4,19,4
2025-26,10,fts_remaining_next,5,6,0
2025-26,10,fts_used,WC,0,5
2025-26,10,fts_used,0,15,8
2025-26,10,fts_used,1,25,27
2025-26,10,fts_used,2,12,15
2025-26,10,fts_used,3,10,9
2025-26,10,fts_used,4,1,0
2025-26,10,fts_used,5,1,0
2025-26,10,hits,0,64,62
2025-26,10,hits,-4,0,2
2025-26,10,transfer_in,Mateta,25,39
2025-26,10,transfer_in,Sarr,19,11
2025-26,10,transfer_in,Minteh,14,4
2025-26,10,transfer_in,Saka,6,3
2025-26,10,transfer_in,Muñoz,3,2
2025-26,10,transfer_in,Andersen,3,2
2025-26,10,transfer_in,Enzo,4,1
2025-26,10,transfer_in,Mukiele,3,2
2025-26,10,transfer_in,Mbeumo,0,4
2025-26,10,transfer_in,Gabriel,2,2
2025-26,10,transfer_in,Truffert,4,0
2025-26,10,transfer_in,Marc Guiu,2,1
2025-26,10,transfer_in,Gakpo,0,2
2025-26,10,transfer_in,J.Timber,2,0
2025-26,10,transfer_in,King,0,1
2025-26,10,transfer_in,Ba,0,1
2025-26,10,transfer_in,Haaland,1,0
2025-26,10,transfer_in,Xhaka,0,1
2025-26,10,transfer_in,Kroupi.Jr,0,1
2025-26,10,transfer_in,Woltemade,0,1
2025-26,10,transfer_in,Ndiaye,0,1
2025-26,10,transfer_in,Richards,0,1
2025-26,10,transfer_in,Rodon,0,1
2025-26,10,transfer_in,Thiago,0,1
2025-26,10,transfer_in,Welbeck,0,1
2025-26,10,transfer_in,Alderete,0,1
2025-26,10,transfer_out,João Pedro,11,36
2025-26,10,transfer_out,Reijnders,13,10
2025-26,10,transfer_out,Stach,14,5
2025-26,10,transfer_out,Gyökeres,8,4
2025-26,10,transfer_out,Foden,4,3
2025-26,10,transfer_out,Calvert-Lewin,7,0
2025-26,10,transfer_out,Gvardiol,6,0
2025-26,10,transfer_out,Ndiaye,3,1
2025-26,10,transfer_out,Semenyo,3,1
2025-26,10,transfer_out,Virgil,4,0
2025-26,10,transfer_out,Andersen,2,1
2025-26,10,transfer_out,Senesi,2,1
2025-26,10,transfer_out,Tarkowski,0,3
2025-26,10,transfer_out,Evanilson,1,1
2025-26,10,transfer_out,Georginio,2,0
2025-26,10,transfer_out,Bowen,0,2
2025-26,10,transfer_out,Dewsbury-Hall,0,2
2025-26,10,transfer_out,L.Paquetá,1,1
2025-26,10,transfer_out,Pedro Porro,1,1
2025-26,10,transfer_out,Richards,0,2
2025-26,10,transfer_out,M.Salah,2,0
2025-26,10,transfer_out,Kudus,0,1
2025-26,10,transfer_out,Dorgu,0,1
2025-26,10,transfer_out,Anthony,0,1
2025-26,10,transfer_out,Van de Ven,0,1
2025-26,10,transfer_out,Saliba,0,1
2025-26,10,transfer_out,Cunha,0,1
2025-26,10,transfer_out,Rodon,1,0
2025-26,10,transfer_out,Estève,1,0
2025-26,10,transfer_out,Enzo,0,1
2025-26,10,transfer_out,Richarlison,1,0
2025-26,10,transfer_out,Grealish,0,1
2025-26,10,transfer_out,Muniz,0,1
2025-26,10,transfer_out,Mitoma,1,0
2025-26,10,transfer_out,Xavi,0,1
2025-26,11,captain,Haaland,53,57
2025-26,11,captain,Saka,10,4
2025-26,11,captain,Mateta,0,2
2025-26,11,captain,João Pedro,0,1
2025-26,11,captain,Enzo,1,0
2025-26,11,chip_active,None,62,56
2025-26,11,chip_active,FH,1,2
2025-26,11,chip_active,BB,1,6
2025-26,11,fts_remaining_next,1,12,20
2025-26,11,fts_remaining_next,2,19,27
2025-26,11,fts_remaining_next,3,20,10
2025-26,11,fts_remaining_next,4,11,6
2025-26,11,fts_remaining_next,5,2,1
2025-26,11,fts_used,FH,1,2
2025-26,11,fts_used,0,19,31
2025-26,11,fts_used,1,9,9
2025-26,11,fts_used,2,27,21
2025-26,11,fts_used,3,7,1
2025-26,11,fts_used,4,1,0
2025-26,11,hits,0,64,60
2025-26,11,hits,-4,0,4
2025-26,11,transfer_in,Saka,24,5
2025-26,11,transfer_in,Marc Guiu,18,8
2025-26,11,transfer_in,Mateta,11,6
2025-26,11,transfer_in,Thiago,10,5
2025-26,11,transfer_in,Enzo,5,7
2025-26,11,transfer_in,J.Timber,5,3
2025-26,11,transfer_in,Sarr,0,5
2025-26,11,transfer_in,Minteh,2,1
2025-26,11,transfer_in,Truffert,2,1
2025-26,11,transfer_in,Semenyo,2,0
2025-26,11,transfer_in,Mbeumo,1,1
2025-26,11,transfer_in,L.Paquetá,1,1
2025-26,11,transfer_in,Barnes,2,0
2025-26,11,transfer_in,Gabriel,0,2
2025-26,11,transfer_in,João Pedro,0,2
2025-26,11,transfer_in,Andersen,0,1
2025-26,11,transfer_in,Dewsbury-Hall,1,0
2025-26,11,transfer_in,Bijol,1,0
2025-26,11,transfer_in,Calafiori,0,1
2025-26,11,transfer_in,Chalobah,0,1
2025-26,11,transfer_in,Welbeck,1,0
2025-26,11,transfer_in,Guéhi,0,1
2025-26,11,transfer_in,Haaland,1,0
2025-26,11,transfer_in,James,0,1
2025-26,11,transfer_in,King,0,1
2025-26,11,transfer_in,Szoboszlai,0,1
2025-26,11,transfer_in,Abdullahi,1,0
2025-26,11,transfer_out,Gyökeres,42,19
2025-26,11,transfer_out,Stach,14,7
2025-26,11,transfer_out,Reijnders,14,7
2025-26,11,transfer_out,Gvardiol,5,3
2025-26,11,transfer_out,Ndiaye,3,1
2025-26,11,transfer_out,Gordon,0,3
2025-26,11,transfer_out,Calvert-Lewin,1,2
2025-26,11,transfer_out,Pedro Porro,0,3
2025-26,11,transfer_out,Foden,2,1
2025-26,11,transfer_out,L.Paquetá,1,1
2025-26,11,transfer_out,Virgil,1,1
2025-26,11,transfer_out,Xhaka,0,1
2025-26,11,transfer_out,Andersen,0,1
2025-26,11,transfer_out,Estève,0,1
2025-26,11,transfer_out,Foster,1,0
2025-26,11,transfer_out,Kudus,0,1
2025-26,11,transfer_out,Gudmundsson,1,0
2025-26,11,transfer_out,M.Salah,1,0
2025-26,11,transfer_out,Minteh,1,0
2025-26,11,transfer_out,Rodon,0,1
2025-26,11,transfer_out,Tarkowski,1,0
2025-26,11,transfer_out,Alderete,0,1
2025-26,12,captain,Haaland,4,43
2025-26,12,captain,Saka,31,13
2025-26,12,captain,B.Fernandes,23,5
2025-26,12,captain,M.Salah,5,1
2025-26,12,captain,Mbeumo,1,1
2025-26,12,captain,Mateta,0,1
2025-26,12,chip_active,None,60,64
2025-26,12,chip_active,WC,1,0
2025-26,12,chip_active,BB,3,0
2025-26,12,fts_remaining_next,1,27,40
2025-26,12,fts_remaining_next,2,19,14
2025-26,12,fts_remaining_next,3,13,8
2025-26,12,fts_remaining_next,4,5,2
2025-26,12,fts_used,WC,1,0
2025-26,12,fts_used,0,3,4
2025-26,12,fts_used,1,26,26
2025-26,12,fts_used,2,25,25
2025-26,12,fts_used,3,9,9
2025-26,12,hits,0,64,58
2025-26,12,hits,-4,0,6
2025-26,12,transfer_in,Virgil,33,46
2025-26,12,transfer_in,Cunha,11,6
2025-26,12,transfer_in,Mbeumo,8,6
2025-26,12,transfer_in,Lacroix,12,2
2025-26,12,transfer_in,Minteh,7,6
2025-26,12,transfer_in,Thiago,4,6
2025-26,12,transfer_in,Richards,7,3
2025-26,12,transfer_in,Muñoz,5,4
2025-26,12,transfer_in,J.Timber,7,2
2025-26,12,transfer_in,B.Fernandes,0,6
2025-26,12,transfer_in,Marc Guiu,1,3
2025-26,12,transfer_in,Van den Berg,2,0
2025-26,12,transfer_in,Szoboszlai,1,1
2025-26,12,transfer_in,Saka,0,2
2025-26,12,transfer_in,Sarr,0,2
2025-26,12,transfer_in,O'Reilly,0,1
2025-26,12,transfer_in,Sánchez,0,1
2025-26,12,transfer_in,Senesi,0,1
2025-26,12,transfer_in,Tavernier,1,0
2025-26,12,transfer_in,King,0,1
2025-26,12,transfer_in,Saliba,1,0
2025-26,12,transfer_in,Gvardiol,0,1
2025-26,12,transfer_in,Estève,1,0
2025-26,12,transfer_in,Enzo,0,1
2025-26,12,transfer_in,De Ligt,1,0
2025-26,12,transfer_in,Semenyo,1,0
2025-26,12,transfer_in,Andersen,0,1
2025-26,12,transfer_in,A.Becker,0,1
2025-26,12,transfer_out,Gabriel,58,58
2025-26,12,transfer_out,Ndiaye,10,8
2025-26,12,transfer_out,Reijnders,8,6
2025-26,12,transfer_out,Tarkowski,7,0
2025-26,12,transfer_out,Enzo,5,2
2025-26,12,transfer_out,Semenyo,1,5
2025-26,12,transfer_out,Calvert-Lewin,4,1
2025-26,12,transfer_out,Kudus,0,3
2025-26,12,transfer_out,Stach,2,1
2025-26,12,transfer_out,L.Paquetá,3,0
2025-26,12,transfer_out,Gordon,0,3
2025-26,12,transfer_out,Gvardiol,3,0
2025-26,12,transfer_out,Gyökeres,0,2
2025-26,12,transfer_out,Bowen,0,2
2025-26,12,transfer_out,Eze,0,2
2025-26,12,transfer_out,Woltemade,0,2
2025-26,12,transfer_out,Kroupi.Jr,0,1
2025-26,12,transfer_out,Van de Ven,0,1
2025-26,12,transfer_out,Mamardashvili,0,1
2025-26,12,transfer_out,Marc Guiu,1,0
2025-26,12,transfer_out,Pope,0,1
2025-26,12,transfer_out,Diakité,1,0
2025-26,12,transfer_out,Dewsbury-Hall,0,1
2025-26,12,transfer_out,Romero,0,1
2025-26,12,transfer_out,Strand Larsen,0,1
2025-26,12,transfer_out,Alderete,0,1
2025-26,13,captain,Haaland,63,63
2025-26,13,captain,M.Salah,1,0
2025-26,13,captain,Foden,0,1
2025-26,13,chip_active,None,24,15
2025-26,13,chip_active,WC,1,1
2025-26,13,chip_active,FH,27,42
2025-26,13,chip_active,TC,11,6
2025-26,13,chip_active,BB,1,0
2025-26,13,chips_remaining,No chips,7,21
2025-26,13,chips_remaining,WC,1,3
2025-26,13,chips_remaining,FH,29,15
2025-26,13,chips_remaining,TC,40,25
2025-26,13,chips_remaining,BB,8,9
2025-26,13,fts_remaining_next,1,32,41
2025-26,13,fts_remaining_next,2,21,14
2025-26,13,fts_remaining_next,3,7,6
2025-26,13,fts_remaining_next,4,3,3
2025-26,13,fts_remaining_next,5,1,0
2025-26,13,fts_used,WC,1,1
2025-26,13,fts_used,FH,27,42
2025-26,13,fts_used,0,6,4
2025-26,13,fts_used,1,16,12
2025-26,13,fts_used,2,10,3
2025-26,13,fts_used,3,4,2
2025-26,13,hits,0,64,63
2025-26,13,hits,-8,0,1
2025-26,13,transfer_in,Foden,16,4
2025-26,13,transfer_in,Thiago,7,5
2025-26,13,transfer_in,O'Reilly,6,4
2025-26,13,transfer_in,Schade,6,2
2025-26,13,transfer_in,Van den Berg,2,2
2025-26,13,transfer_in,Anderson,3,0
2025-26,13,transfer_in,Minteh,3,0
2025-26,13,transfer_in,Doku,0,2
2025-26,13,transfer_in,Haaland,2,0
2025-26,13,transfer_in,Barnes,1,0
2025-26,13,transfer_in,Chirewa,0,1
2025-26,13,transfer_in,Konsa,0,1
2025-26,13,transfer_in,J.Timber,1,0
2025-26,13,transfer_in,Mbeumo,0,1
2025-26,13,transfer_in,Muñoz,0,1
2025-26,13,transfer_in,Tavernier,1,0
2025-26,13,transfer_in,A.Becker,0,1
2025-26,13,transfer_out,Enzo,20,4
2025-26,13,transfer_out,Gabriel,3,4
2025-26,13,transfer_out,Mateta,5,1
2025-26,13,transfer_out,Tarkowski,5,0
2025-26,13,transfer_out,Reijnders,3,0
2025-26,13,transfer_out,Calvert-Lewin,3,0
2025-26,13,transfer_out,Cunha,2,1
2025-26,13,transfer_out,Ndiaye,1,1
2025-26,13,transfer_out,M.Salah,2,0
2025-26,13,transfer_out,João Pedro,0,2
2025-26,13,transfer_out,Van de Ven,0,1
2025-26,13,transfer_out,Gakpo,0,1
2025-26,13,transfer_out,B.Fernandes,0,1
2025-26,13,transfer_out,Burn,0,1
2025-26,13,transfer_out,Evanilson,1,0
2025-26,13,transfer_out,Kroupi.Jr,0,1
2025-26,13,transfer_out,Gyökeres,1,0
2025-26,13,transfer_out,King,0,1
2025-26,13,transfer_out,Trippier,0,1
2025-26,13,transfer_out,Marc Guiu,0,1
2025-26,13,transfer_out,Mukiele,1,0
2025-26,13,transfer_out,Pope,0,1
2025-26,13,transfer_out,Saka,1,0
2025-26,13,transfer_out,Semenyo,0,1
2025-26,13,transfer_out,Andersen,0,1
2025-26,14,captain,B.Fernandes,62,27
2025-26,14,captain,Haaland,1,34
2025-26,14,captain,M.Salah,1,1
2025-26,14,captain,Saka,0,1
2025-26,14,captain,Mbeumo,0,1
2025-26,14,chip_active,None,53,63
2025-26,14,chip_active,FH,10,1
2025-26,14,chip_active,TC,1,0
2025-26,14,chips_remaining,No chips,9,21
2025-26,14,chips_remaining,WC,1,3
2025-26,14,chips_remaining,FH,19,14
2025-26,14,chips_remaining,TC,39,25
2025-26,14,chips_remaining,BB,8,9
2025-26,14,fts_remaining_next,1,37,44
2025-26,14,fts_remaining_next,2,20,15
2025-26,14,fts_remaining_next,3,6,3
2025-26,14,fts_remaining_next,4,1,2
2025-26,14,fts_used,WC,0,0
2025-26,14,fts_used,FH,10,1
2025-26,14,fts_used,0,13,6
2025-26,14,fts_used,1,21,36
2025-26,14,fts_used,2,15,21
2025-26,14,fts_used,3,4,0
2025-26,14,fts_used,4,1,0
2025-26,14,hits,0,64,57
2025-26,14,hits,-4,0,7
2025-26,14,transfer_in,Anderson,11,19
2025-26,14,transfer_in,J.Timber,11,9
2025-26,14,transfer_in,Minteh,5,12
2025-26,14,transfer_in,Thiaw,6,6
2025-26,14,transfer_in,Dewsbury-Hall,10,1
2025-26,14,transfer_in,O'Reilly,2,8
2025-26,14,transfer_in,Foden,3,3
2025-26,14,transfer_in,Lacroix,3,1
2025-26,14,transfer_in,Muñoz,0,3
2025-26,14,transfer_in,Estève,1,2
2025-26,14,transfer_in,B.Fernandes,0,3
2025-26,14,transfer_in,Richards,3,0
2025-26,14,transfer_in,Szoboszlai,3,0
2025-26,14,transfer_in,Raya,0,2
2025-26,14,transfer_in,Virgil,2,0
2025-26,14,transfer_in,Marc Guiu,2,0
2025-26,14,transfer_in,Gakpo,1,1
2025-26,14,transfer_in,Verbruggen,0,2
2025-26,14,transfer_in,Mbeumo,2,0
2025-26,14,transfer_in,Andersen,0,1
2025-26,14,transfer_in,Bruno G.,0,1
2025-26,14,transfer_in,Woltemade,1,0
2025-26,14,transfer_in,Gibbs-White,0,1
2025-26,14,transfer_in,Rice,0,1
2025-26,14,transfer_in,Thiago,1,0
2025-26,14,transfer_in,Van Hecke,0,1
2025-26,14,transfer_in,Amad,0,1
2025-26,14,transfer_out,Sarr,18,34
2025-26,14,transfer_out,Senesi,25,25
2025-26,14,transfer_out,Enzo,6,2
2025-26,14,transfer_out,Pope,0,4
2025-26,14,transfer_out,Pedro Porro,1,2
2025-26,14,transfer_out,Semenyo,2,1
2025-26,14,transfer_out,Reijnders,3,0
2025-26,14,transfer_out,Ndiaye,2,1
2025-26,14,transfer_out,Schade,2,0
2025-26,14,transfer_out,Calvert-Lewin,2,0
2025-26,14,transfer_out,L.Paquetá,0,1
2025-26,14,transfer_out,Ba,0,1
2025-26,14,transfer_out,Gabriel,0,1
2025-26,14,transfer_out,Gordon,0,1
2025-26,14,transfer_out,James,0,1
2025-26,14,transfer_out,Kroupi.Jr,1,0
2025-26,14,transfer_out,Thiago,1,0
2025-26,14,transfer_out,Longstaff,0,1
2025-26,14,transfer_out,O.Dango,1,0
2025-26,14,transfer_out,Tarkowski,0,1
2025-26,14,transfer_out,Rodon,0,1
2025-26,14,transfer_out,Saka,0,1
2025-26,14,transfer_out,Saliba,1,0
2025-26,14,transfer_out,Stach,1,0
2025-26,14,transfer_out,Andersen,1,0
2025-26,15,captain,Haaland,64,63
2025-26,15,captain,Foden,0,1
2025-26,15,chip_active,None,60,61
2025-26,15,chip_active,WC,1,1
2025-26,15,chip_active,FH,1,1
2025-26,15,chip_active,TC,1,1
2025-26,15,chip_active,BB,1,0
2025-26,15,chips_remaining,No chips,10,22
2025-26,15,chips_remaining,WC,0,2
2025-26,15,chips_remaining,FH,18,13
2025-26,15,chips_remaining,TC,38,24
2025-26,15,chips_remaining,BB,7,9
2025-26,15,fts_remaining_next,5,64,64
2025-26,15,fts_used,WC,1,1
2025-26,15,fts_used,FH,1,1
2025-26,15,fts_used,0,2,0
2025-26,15,fts_used,1,33,41
2025-26,15,fts_used,2,20,16
2025-26,15,fts_used,3,6,3
2025-26,15,fts_used,4,1,2
2025-26,15,hits,0,63,63
2025-26,15,hits,-4,1,1
2025-26,15,transfer_in,Foden,26,37
2025-26,15,transfer_in,Thiago,8,12
2025-26,15,transfer_in,Minteh,5,4
2025-26,15,transfer_in,Welbeck,7,1
2025-26,15,transfer_in,Verbruggen,1,6
2025-26,15,transfer_in,Gordon,5,2
2025-26,15,transfer_in,Woltemade,3,3
2025-26,15,transfer_in,Thiaw,2,4
2025-26,15,transfer_in,Dewsbury-Hall,3,2
2025-26,15,transfer_in,Marc Guiu,3,2
2025-26,15,transfer_in,Andersen,3,2
2025-26,15,transfer_in,Van den Berg,5,0
2025-26,15,transfer_in,Van Hecke,3,2
2025-26,15,transfer_in,Marshall,3,1
2025-26,15,transfer_in,O'Reilly,2,1
2025-26,15,transfer_in,Cunha,3,0
2025-26,15,transfer_in,Hincapie,1,1
2025-26,15,transfer_in,Tarkowski,2,0
2025-26,15,transfer_in,Anderson,1,1
2025-26,15,transfer_in,B.Fernandes,0,2
2025-26,15,transfer_in,J.Timber,1,1
2025-26,15,transfer_in,Haaland,2,0
2025-26,15,transfer_in,Bruno G.,0,1
2025-26,15,transfer_in,De Cuyper,0,1
2025-26,15,transfer_in,Sels,0,1
2025-26,15,transfer_in,Gudmundsson,0,1
2025-26,15,transfer_in,Saka,1,0
2025-26,15,transfer_in,Livramento,1,0
2025-26,15,transfer_in,Szoboszlai,1,0
2025-26,15,transfer_in,Wilson,0,1
2025-26,15,transfer_in,Semenyo,1,0
2025-26,15,transfer_in,Mukiele,1,0
2025-26,15,transfer_in,Raya,0,1
2025-26,15,transfer_in,Mbeumo,1,0
2025-26,15,transfer_out,Semenyo,17,23
2025-26,15,transfer_out,Mateta,20,14
2025-26,15,transfer_out,Enzo,12,13
2025-26,15,transfer_out,Senesi,7,3
2025-26,15,transfer_out,Sarr,3,4
2025-26,15,transfer_out,Calvert-Lewin,4,2
2025-26,15,transfer_out,Pope,0,4
2025-26,15,transfer_out,Virgil,1,3
2025-26,15,transfer_out,Ndiaye,2,1
2025-26,15,transfer_out,Rodon,0,3
2025-26,15,transfer_out,Richards,3,0
2025-26,15,transfer_out,Gakpo,1,2
2025-26,15,transfer_out,Saka,3,0
2025-26,15,transfer_out,Sánchez,0,3
2025-26,15,transfer_out,Marc Guiu,1,1
2025-26,15,transfer_out,Tarkowski,1,1
2025-26,15,transfer_out,Truffert,2,0
2025-26,15,transfer_out,Lacroix,2,0
2025-26,15,transfer_out,Stach,1,1
2025-26,15,transfer_out,Szoboszlai,1,1
2025-26,15,transfer_out,Anderson,2,0
2025-26,15,transfer_out,Reijnders,1,1
2025-26,15,transfer_out,M.Salah,2,0
2025-26,15,transfer_out,B.Fernandes,0,1
2025-26,15,transfer_out,Dúbravka,1,0
2025-26,15,transfer_out,Cunha,1,0
2025-26,15,transfer_out,De Ligt,1,0
2025-26,15,transfer_out,Diakité,1,0
2025-26,15,transfer_out,Digne,1,0
2025-26,15,transfer_out,Diouf,0,1
2025-26,15,transfer_out,Doku,0,1
2025-26,15,transfer_out,L.Paquetá,1,0
2025-26,15,transfer_out,Gabriel,0,1
2025-26,15,transfer_out,Gudmundsson,1,0
2025-26,15,transfer_out,Gyökeres,0,1
2025-26,15,transfer_out,J.Timber,0,1
2025-26,15,transfer_out,João Pedro,0,1
2025-26,15,transfer_out,King,0,1
2025-26,15,transfer_out,Kroupi.Jr,1,0
2025-26,15,transfer_out,Mbeumo,0,1
2025-26,15,transfer_out,Raya,0,1
2025-26,15,transfer_out,Alderete,1,0
2025-26,16,captain,Saka,58,59
2025-26,16,captain,B.Fernandes,6,1
2025-26,16,captain,Haaland,0,4
2025-26,16,chip_active,None,50,56
2025-26,16,chip_active,WC,0,2
2025-26,16,chip_active,FH,13,4
2025-26,16,chip_active,TC,0,1
2025-26,16,chip_active,BB,1,1
2025-26,16,chips_remaining,No chips,18,28
2025-26,16,chips_remaining,WC,0,0
2025-26,16,chips_remaining,FH,5,9
2025-26,16,chips_remaining,TC,38,23
2025-26,16,chips_remaining,BB,6,8
2025-26,16,fts_remaining_next,1,0,6
2025-26,16,fts_remaining_next,2,5,10
2025-26,16,fts_remaining_next,3,9,20
2025-26,16,fts_remaining_next,4,25,11
2025-26,16,fts_remaining_next,5,25,17
2025-26,16,fts_used,WC,0,2
2025-26,16,fts_used,FH,13,4
2025-26,16,fts_used,0,1,0
2025-26,16,fts_used,1,11,11
2025-26,16,fts_used,2,25,11
2025-26,16,fts_used,3,9,20
2025-26,16,fts_used,4,5,10
2025-26,16,fts_used,5,0,6
2025-26,16,hits,0,64,64
2025-26,16,transfer_in,Thiago,22,28
2025-26,16,transfer_in,Szoboszlai,26,14
2025-26,16,transfer_in,Hincapie,18,14
2025-26,16,transfer_in,Saka,8,11
2025-26,16,transfer_in,Marc Guiu,3,9
2025-26,16,transfer_in,O'Reilly,3,9
2025-26,16,transfer_in,Van den Berg,5,6
2025-26,16,transfer_in,Andersen,3,8
2025-26,16,transfer_in,B.Fernandes,0,10
2025-26,16,transfer_in,Foden,1,9
2025-26,16,transfer_in,Collins,6,3
2025-26,16,transfer_in,Dewsbury-Hall,3,5
2025-26,16,transfer_in,J.Timber,2,3
2025-26,16,transfer_in,Raúl,2,3
2025-26,16,transfer_in,Raya,0,4
2025-26,16,transfer_in,Eze,0,3
2025-26,16,transfer_in,Wilson,1,2
2025-26,16,transfer_in,Ekitiké,0,3
2025-26,16,transfer_in,Semenyo,1,1
2025-26,16,transfer_in,Bruno G.,0,2
2025-26,16,transfer_in,Alderete,1,1
2025-26,16,transfer_in,Bowen,0,2
2025-26,16,transfer_in,Lewis-Skelly,0,1
2025-26,16,transfer_in,Rice,0,1
2025-26,16,transfer_in,Cash,0,1
2025-26,16,transfer_in,Rogers,0,1
2025-26,16,transfer_in,De Cuyper,0,1
2025-26,16,transfer_in,Kelleher,0,1
2025-26,16,transfer_in,O.Dango,0,1
2025-26,16,transfer_in,Estève,0,1
2025-26,16,transfer_in,Guéhi,0,1
2025-26,16,transfer_in,Lacroix,1,0
2025-26,16,transfer_in,Keane,0,1
2025-26,16,transfer_in,Tete,0,1
2025-26,16,transfer_in,Virgil,0,1
2025-26,16,transfer_in,Anderson,0,1
2025-26,16,transfer_in,Mukiele,1,0
2025-26,16,transfer_in,E.Le Fée,1,0
2025-26,16,transfer_out,Mateta,14,33
2025-26,16,transfer_out,Muñoz,4,20
2025-26,16,transfer_out,Minteh,11,12
2025-26,16,transfer_out,Enzo,9,10
2025-26,16,transfer_out,Mbeumo,5,12
2025-26,16,transfer_out,Ndiaye,9,6
2025-26,16,transfer_out,Senesi,8,6
2025-26,16,transfer_out,Virgil,4,7
2025-26,16,transfer_out,Thiaw,6,5
2025-26,16,transfer_out,Tarkowski,8,2
2025-26,16,transfer_out,Semenyo,1,8
2025-26,16,transfer_out,Woltemade,3,6
2025-26,16,transfer_out,Lacroix,3,3
2025-26,16,transfer_out,Rodon,1,5
2025-26,16,transfer_out,Welbeck,3,2
2025-26,16,transfer_out,Calvert-Lewin,4,1
2025-26,16,transfer_out,Pope,0,4
2025-26,16,transfer_out,Schade,2,1
2025-26,16,transfer_out,Anderson,1,2
2025-26,16,transfer_out,J.Timber,1,1
2025-26,16,transfer_out,Kroupi.Jr,1,1
2025-26,16,transfer_out,Gakpo,0,2
2025-26,16,transfer_out,Reijnders,0,2
2025-26,16,transfer_out,Cunha,1,1
2025-26,16,transfer_out,L.Paquetá,0,2
2025-26,16,transfer_out,Saliba,1,0
2025-26,16,transfer_out,Verbruggen,0,1
2025-26,16,transfer_out,De Cuyper,0,1
2025-26,16,transfer_out,Truffert,1,0
2025-26,16,transfer_out,Estève,1,0
2025-26,16,transfer_out,Foster,0,1
2025-26,16,transfer_out,James,0,1
2025-26,16,transfer_out,João Pedro,0,1
2025-26,16,transfer_out,Richards,0,1
2025-26,16,transfer_out,Dewsbury-Hall,1,0
2025-26,16,transfer_out,Stach,0,1
2025-26,16,transfer_out,B.Fernandes,0,1
2025-26,16,transfer_out,Livramento,1,0
2025-26,16,transfer_out,Gordon,1,0
2025-26,16,transfer_out,Mukiele,1,0
2025-26,16,transfer_out,Abdullahi,1,0
2025-26,16,transfer_out,Marshall,1,0
2025-26,16,transfer_out,Chirewa,0,1
2025-26,17,captain,Haaland,64,63
2025-26,17,captain,Foden,0,1
2025-26,17,chip_active,None,18,38
2025-26,17,chip_active,WC,0,0
2025-26,17,chip_active,FH,5,1
2025-26,17,chip_active,TC,37,23
2025-26,17,chip_active,BB,4,2
2025-26,17,chips_remaining,No chips,61,53
2025-26,17,chips_remaining,WC,0,0
2025-26,17,chips_remaining,FH,0,8
2025-26,17,chips_remaining,TC,1,0
2025-26,17,chips_remaining,BB,2,6
2025-26,17,fts_remaining_next,1,1,8
2025-26,17,fts_remaining_next,2,1,15
2025-26,17,fts_remaining_next,3,7,10
2025-26,17,fts_remaining_next,4,27,17
2025-26,17,fts_remaining_next,5,28,14
2025-26,17,fts_used,WC,0,0
2025-26,17,fts_used,FH,5,1
2025-26,17,fts_used,0,27,20
2025-26,17,fts_used,1,16,21
2025-26,17,fts_used,2,16,16
2025-26,17,fts_used,3,0,5
2025-26,17,fts_used,4,0,1
2025-26,17,fts_used,5,0,0
2025-26,17,hits,0,64,64
2025-26,17,transfer_in,Semenyo,7,13
2025-26,17,transfer_in,Wilson,0,16
2025-26,17,transfer_in,O'Reilly,3,8
2025-26,17,transfer_in,Foden,5,3
2025-26,17,transfer_in,Cherki,2,6
2025-26,17,transfer_in,Ekitiké,0,6
2025-26,17,transfer_in,Schade,5,0
2025-26,17,transfer_in,Marc Guiu,2,3
2025-26,17,transfer_in,J.Timber,3,0
2025-26,17,transfer_in,Calvert-Lewin,3,0
2025-26,17,transfer_in,Alderete,2,1
2025-26,17,transfer_in,Cunha,2,1
2025-26,17,transfer_in,L.Miley,0,3
2025-26,17,transfer_in,Truffert,1,1
2025-26,17,transfer_in,Tavernier,0,2
2025-26,17,transfer_in,Thiago,2,0
2025-26,17,transfer_in,Keane,0,2
2025-26,17,transfer_in,Potts,0,2
2025-26,17,transfer_in,Calafiori,1,0
2025-26,17,transfer_in,Saka,0,1
2025-26,17,transfer_in,Minteh,0,1
2025-26,17,transfer_in,Evanilson,1,0
2025-26,17,transfer_in,Dúbravka,1,0
2025-26,17,transfer_in,Richards,1,0
2025-26,17,transfer_in,Lacroix,0,1
2025-26,17,transfer_in,Devenny,1,0
2025-26,17,transfer_in,Yeremy,1,0
2025-26,17,transfer_in,Mateta,1,0
2025-26,17,transfer_in,Gudmundsson,0,1
2025-26,17,transfer_in,Stach,1,0
2025-26,17,transfer_in,Szoboszlai,1,0
2025-26,17,transfer_in,Reijnders,1,0
2025-26,17,transfer_in,B.Fernandes,0,1
2025-26,17,transfer_in,E.Le Fée,1,0
2025-26,17,transfer_out,Dewsbury-Hall,5,8
2025-26,17,transfer_out,Mbeumo,6,7
2025-26,17,transfer_out,Enzo,1,10
2025-26,17,transfer_out,Muñoz,3,3
2025-26,17,transfer_out,Saka,5,1
2025-26,17,transfer_out,Welbeck,4,1
2025-26,17,transfer_out,Ndiaye,4,1
2025-26,17,transfer_out,Andersen,4,1
2025-26,17,transfer_out,Eze,0,4
2025-26,17,transfer_out,Anderson,0,4
2025-26,17,transfer_out,Mateta,0,3
2025-26,17,transfer_out,King,0,3
2025-26,17,transfer_out,Virgil,0,3
2025-26,17,transfer_out,Szoboszlai,2,1
2025-26,17,transfer_out,Thiaw,1,2
2025-26,17,transfer_out,Bruno G.,0,3
2025-26,17,transfer_out,Kroupi.Jr,1,1
2025-26,17,transfer_out,Marc Guiu,1,1
2025-26,17,transfer_out,Cunha,2,0
2025-26,17,transfer_out,Gordon,1,1
2025-26,17,transfer_out,Woltemade,1,1
2025-26,17,transfer_out,Marshall,2,0
2025-26,17,transfer_out,Hincapie,1,0
2025-26,17,transfer_out,J.Timber,0,1
2025-26,17,transfer_out,Rice,0,1
2025-26,17,transfer_out,Minteh,1,0
2025-26,17,transfer_out,Petrović,1,0
2025-26,17,transfer_out,O.Dango,0,1
2025-26,17,transfer_out,Thiago,0,1
2025-26,17,transfer_out,James,0,1
2025-26,17,transfer_out,Richards,0,1
2025-26,17,transfer_out,Tarkowski,1,0
2025-26,17,transfer_out,Raúl,0,1
2025-26,17,transfer_out,Rodon,1,0
2025-26,17,transfer_out,Doku,0,1
2025-26,17,transfer_out,Amad,0,1
2025-26,17,transfer_out,Burn,0,1
2025-26,17,transfer_out,Gibbs-White,0,1
2025-26,17,transfer_out,Xhaka,0,1
2025-26,17,transfer_out,Van de Ven,0,1
2025-26,18,captain,Haaland,64,54
2025-26,18,captain,Ekitiké,0,8
2025-26,18,captain,Saka,0,2
2025-26,18,chip_active,None,63,57
2025-26,18,chip_active,FH,0,1
2025-26,18,chip_active,BB,1,6
2025-26,18,chips_remaining,No chips,62,57
2025-26,18,chips_remaining,WC,0,0
2025-26,18,chips_remaining,FH,0,7
2025-26,18,chips_remaining,TC,1,0
2025-26,18,chips_remaining,BB,1,0
2025-26,18,fts_remaining_next,1,6,34
2025-26,18,fts_remaining_next,2,11,8
2025-26,18,fts_remaining_next,3,26,16
2025-26,18,fts_remaining_next,4,18,6
2025-26,18,fts_remaining_next,5,3,0
2025-26,18,fts_used,WC,0,0
2025-26,18,fts_used,FH,0,1
2025-26,18,fts_used,0,0,2
2025-26,18,fts_used,1,10,6
2025-26,18,fts_used,2,33,22
2025-26,18,fts_used,3,17,23
2025-26,18,fts_used,4,4,9
2025-26,18,fts_used,5,0,1
2025-26,18,hits,0,64,52
2025-26,18,hits,-4,0,11
2025-26,18,hits,-8,0,1
2025-26,18,transfer_in,Cunha,54,46
2025-26,18,transfer_in,Ekitiké,22,44
2025-26,18,transfer_in,Wirtz,14,10
2025-26,18,transfer_in,Virgil,11,3
2025-26,18,transfer_in,Keane,4,9
2025-26,18,transfer_in,E.Le Fée,7,6
2025-26,18,transfer_in,Rice,2,10
2025-26,18,transfer_in,Tarkowski,11,1
2025-26,18,transfer_in,J.Timber,4,2
2025-26,18,transfer_in,Alderete,0,5
2025-26,18,transfer_in,L.Paquetá,3,2
2025-26,18,transfer_in,Bowen,1,3
2025-26,18,transfer_in,Schade,3,0
2025-26,18,transfer_in,Devenny,0,3
2025-26,18,transfer_in,B.Fernandes,0,3
2025-26,18,transfer_in,Rogers,0,2
2025-26,18,transfer_in,Foden,1,1
2025-26,18,transfer_in,L.Miley,0,2
2025-26,18,transfer_in,Saka,1,0
2025-26,18,transfer_in,Rodon,0,1
2025-26,18,transfer_in,Gudmundsson,0,1
2025-26,18,transfer_in,Stach,0,1
2025-26,18,transfer_in,Mac Allister,1,0
2025-26,18,transfer_in,Cherki,0,1
2025-26,18,transfer_in,Dalot,1,0
2025-26,18,transfer_in,Dorgu,0,1
2025-26,18,transfer_in,Obi,1,0
2025-26,18,transfer_in,Anderson,1,0
2025-26,18,transfer_in,Roefs,0,1
2025-26,18,transfer_in,Mukiele,0,1
2025-26,18,transfer_in,Kudus,1,0
2025-26,18,transfer_in,Potts,0,1
2025-26,18,transfer_out,B.Fernandes,63,58
2025-26,18,transfer_out,Thiago,7,33
2025-26,18,transfer_out,Hincapie,11,5
2025-26,18,transfer_out,Saka,3,11
2025-26,18,transfer_out,Senesi,7,7
2025-26,18,transfer_out,Semenyo,7,4
2025-26,18,transfer_out,Marc Guiu,2,8
2025-26,18,transfer_out,Mateta,7,3
2025-26,18,transfer_out,Richards,4,3
2025-26,18,transfer_out,Dewsbury-Hall,6,1
2025-26,18,transfer_out,Minteh,0,5
2025-26,18,transfer_out,Andersen,3,2
2025-26,18,transfer_out,Anderson,1,4
2025-26,18,transfer_out,Truffert,3,1
2025-26,18,transfer_out,Szoboszlai,1,3
2025-26,18,transfer_out,Welbeck,3,0
2025-26,18,transfer_out,Calvert-Lewin,2,1
2025-26,18,transfer_out,Van den Berg,1,1
2025-26,18,transfer_out,Tavernier,1,1
2025-26,18,transfer_out,Lacroix,1,1
2025-26,18,transfer_out,Raya,0,1
2025-26,18,transfer_out,Lewis-Skelly,0,1
2025-26,18,transfer_out,Cash,0,1
2025-26,18,transfer_out,Evanilson,1,0
2025-26,18,transfer_out,Acheampong,0,1
2025-26,18,transfer_out,Devenny,1,0
2025-26,18,transfer_out,Ndiaye,1,0
2025-26,18,transfer_out,Tete,0,1
2025-26,18,transfer_out,King,0,1
2025-26,18,transfer_out,Raúl,0,1
2025-26,18,transfer_out,Gvardiol,1,0
2025-26,18,transfer_out,Cherki,1,0
2025-26,18,transfer_out,Reijnders,1,0
2025-26,18,transfer_out,Mbeumo,1,0
2025-26,18,transfer_out,Obi,1,0
2025-26,18,transfer_out,Gordon,1,0
2025-26,18,transfer_out,Wood,0,1
2025-26,18,transfer_out,Marshall,1,0
2025-26,19,captain,Cunha,56,10
2025-26,19,captain,Haaland,8,52
2025-26,19,captain,Ekitiké,0,2
2025-26,19,chip_active,None,62,57
2025-26,19,chip_active,FH,0,7
2025-26,19,chip_active,TC,1,0
2025-26,19,chip_active,BB,1,0
2025-26,19,chips_remaining,No chips,64,64
2025-26,19,fts_remaining_next,1,10,27
2025-26,19,fts_remaining_next,2,19,21
2025-26,19,fts_remaining_next,3,14,8
2025-26,19,fts_remaining_next,4,20,6
2025-26,19,fts_remaining_next,5,1,2
2025-26,19,fts_used,WC,0,0
2025-26,19,fts_used,FH,0,7
2025-26,19,fts_used,0,14,19
2025-26,19,fts_used,1,24,20
2025-26,19,fts_used,2,20,16
2025-26,19,fts_used,3,6,2
2025-26,19,hits,0,64,58
2025-26,19,hits,-4,0,6
2025-26,19,transfer_in,Szoboszlai,27,5
2025-26,19,transfer_in,Hall,23,8
2025-26,19,transfer_in,Dorgu,7,10
2025-26,19,transfer_in,Gabriel,12,4
2025-26,19,transfer_in,Gordon,2,11
2025-26,19,transfer_in,Thiaw,3,5
2025-26,19,transfer_in,Cunha,0,4
2025-26,19,transfer_in,Verbruggen,1,2
2025-26,19,transfer_in,Dalot,0,3
2025-26,19,transfer_in,Anderson,3,0
2025-26,19,transfer_in,Saka,0,1
2025-26,19,transfer_in,Georginio,1,0
2025-26,19,transfer_in,Schade,0,1
2025-26,19,transfer_in,Palmer,0,1
2025-26,19,transfer_in,Keane,0,1
2025-26,19,transfer_in,Ekitiké,0,1
2025-26,19,transfer_in,Foden,1,0
2025-26,19,transfer_in,Cherki,1,0
2025-26,19,transfer_in,Heaven,0,1
2025-26,19,transfer_in,Mané,1,0
2025-26,19,transfer_out,Semenyo,14,14
2025-26,19,transfer_out,J.Timber,9,3
2025-26,19,transfer_out,Rodon,1,11
2025-26,19,transfer_out,Andersen,9,2
2025-26,19,transfer_out,Senesi,5,4
2025-26,19,transfer_out,Van den Berg,7,2
2025-26,19,transfer_out,Hincapie,4,3
2025-26,19,transfer_out,Wirtz,5,1
2025-26,19,transfer_out,Minteh,5,0
2025-26,19,transfer_out,Rice,1,3
2025-26,19,transfer_out,Richards,1,3
2025-26,19,transfer_out,Dewsbury-Hall,4,0
2025-26,19,transfer_out,Estève,2,1
2025-26,19,transfer_out,B.Fernandes,1,2
2025-26,19,transfer_out,Raya,0,2
2025-26,19,transfer_out,Truffert,1,1
2025-26,19,transfer_out,Enzo,1,1
2025-26,19,transfer_out,Lacroix,2,0
2025-26,19,transfer_out,Alderete,2,0
2025-26,19,transfer_out,E.Le Fée,1,1
2025-26,19,transfer_out,Saka,0,1
2025-26,19,transfer_out,Petrović,1,0
2025-26,19,transfer_out,Thiago,0,1
2025-26,19,transfer_out,Tuanzebe,0,1
2025-26,19,transfer_out,Keane,1,0
2025-26,19,transfer_out,Wilson,1,0
2025-26,19,transfer_out,Raúl,1,0
2025-26,19,transfer_out,Bijol,1,0
2025-26,19,transfer_out,Stach,1,0
2025-26,19,transfer_out,Virgil,0,1
2025-26,19,transfer_out,Mac Allister,1,0
2025-26,20,captain,Haaland,63,63
2025-26,20,captain,Saka,0,1
2025-26,20,captain,Cunha,1,0
2025-26,20,chip_active,None,64,64
2025-26,20,chip_active,WC,0,0
2025-26,20,chip_active,FH,0,0
2025-26,20,chip_active,TC,0,0
2025-26,20,chip_active,BB,0,0
2025-26,20,chips_remaining,No chips,0,0
2025-26,20,chips_remaining,WC,64,64
2025-26,20,chips_remaining,FH,64,64
2025-26,20,chips_remaining,TC,64,64
2025-26,20,chips_remaining,BB,64,64
2025-26,20,fts_remaining_next,1,9,32
2025-26,20,fts_remaining_next,2,15,19
2025-26,20,fts_remaining_next,3,16,7
2025-26,20,fts_remaining_next,4,16,3
2025-26,20,fts_remaining_next,5,8,3
2025-26,20,fts_used,WC,0,0
2025-26,20,fts_used,FH,0,0
2025-26,20,fts_used,0,30,15
2025-26,20,fts_used,1,22,21
2025-26,20,fts_used,2,10,23
2025-26,20,fts_used,3,2,5
2025-26,20,hits,0,64,56
2025-26,20,hits,-4,0,7
2025-26,20,hits,-8,0,1
2025-26,20,transfer_in,Gabriel,19,36
2025-26,20,transfer_in,Rogers,0,9
2025-26,20,transfer_in,Cherki,5,4
2025-26,20,transfer_in,Gordon,6,3
2025-26,20,transfer_in,Tarkowski,1,5
2025-26,20,transfer_in,Kudus,3,2
2025-26,20,transfer_in,Collins,3,0
2025-26,20,transfer_in,Thiaw,1,2
2025-26,20,transfer_in,Anderson,2,1
2025-26,20,transfer_in,E.Le Fée,0,3
2025-26,20,transfer_in,Bowen,0,3
2025-26,20,transfer_in,Tavernier,2,0
2025-26,20,transfer_in,Garner,0,2
2025-26,20,transfer_in,Szoboszlai,0,2
2025-26,20,transfer_in,Pedro Porro,2,0
2025-26,20,transfer_in,Saka,1,0
2025-26,20,transfer_in,Verbruggen,0,1
2025-26,20,transfer_in,Kroupi.Jr,0,1
2025-26,20,transfer_in,Dúbravka,1,0
2025-26,20,transfer_in,Barnes,0,1
2025-26,20,transfer_in,Marc Guiu,0,1
2025-26,20,transfer_in,Gudmundsson,0,1
2025-26,20,transfer_in,Stach,1,0
2025-26,20,transfer_in,Nmecha,1,0
2025-26,20,transfer_in,Dorgu,0,1
2025-26,20,transfer_in,Hall,0,1
2025-26,20,transfer_in,Roefs,0,1
2025-26,20,transfer_in,Alderete,0,1
2025-26,20,transfer_in,Potts,0,1
2025-26,20,transfer_out,Minteh,11,10
2025-26,20,transfer_out,Virgil,4,13
2025-26,20,transfer_out,O'Reilly,6,10
2025-26,20,transfer_out,Wirtz,8,3
2025-26,20,transfer_out,Semenyo,1,9
2025-26,20,transfer_out,Lacroix,5,5
2025-26,20,transfer_out,Hincapie,2,5
2025-26,20,transfer_out,J.Timber,2,4
2025-26,20,transfer_out,Andersen,2,2
2025-26,20,transfer_out,Ekitiké,1,3
2025-26,20,transfer_out,Van den Berg,2,1
2025-26,20,transfer_out,Rodon,0,3
2025-26,20,transfer_out,Calafiori,1,1
2025-26,20,transfer_out,Senesi,1,1
2025-26,20,transfer_out,Estève,1,1
2025-26,20,transfer_out,Raya,0,1
2025-26,20,transfer_out,Rice,0,1
2025-26,20,transfer_out,Petrović,1,0
2025-26,20,transfer_out,Thiago,0,1
2025-26,20,transfer_out,João Pedro,0,1
2025-26,20,transfer_out,Richards,0,1
2025-26,20,transfer_out,Dewsbury-Hall,0,1
2025-26,20,transfer_out,Raúl,0,1
2025-26,20,transfer_out,A.Becker,0,1
2025-26,20,transfer_out,Szoboszlai,0,1
2025-26,20,transfer_out,Foden,0,1
2025-26,20,transfer_out,Cunha,0,1
2025-26,21,captain,Haaland,64,63
2025-26,21,captain,Cunha,0,1
2025-26,21,chip_active,None,64,63
2025-26,21,chip_active,WC,0,1
2025-26,21,chip_active,FH,0,0
2025-26,21,chip_active,TC,0,0
2025-26,21,chip_active,BB,0,0
2025-26,21,chips_remaining,No chips,0,0
2025-26,21,chips_remaining,WC,64,63
2025-26,21,chips_remaining,FH,64,64
2025-26,21,chips_remaining,TC,64,64
2025-26,21,chips_remaining,BB,64,64
2025-26,21,fts_remaining_next,1,1,21
2025-26,21,fts_remaining_next,2,10,21
2025-26,21,fts_remaining_next,3,20,14
2025-26,21,fts_remaining_next,4,14,4
2025-26,21,fts_remaining_next,5,19,4
2025-26,21,fts_used,WC,0,1
2025-26,21,fts_used,FH,0,0
2025-26,21,fts_used,0,43,35
2025-26,21,fts_used,1,19,17
2025-26,21,fts_used,2,2,8
2025-26,21,fts_used,3,0,3
2025-26,21,hits,0,64,62
2025-26,21,hits,-4,0,2
2025-26,21,transfer_in,Gabriel,3,11
2025-26,21,transfer_in,Tavernier,10,1
2025-26,21,transfer_in,Mukiele,1,4
2025-26,21,transfer_in,Anderson,3,1
2025-26,21,transfer_in,Rogers,0,3
2025-26,21,transfer_in,Collins,2,1
2025-26,21,transfer_in,Thiago,0,3
2025-26,21,transfer_in,Mané,0,3
2025-26,21,transfer_in,Watkins,0,2
2025-26,21,transfer_in,Enzo,1,1
2025-26,21,transfer_in,Keane,0,2
2025-26,21,transfer_in,Saka,1,0
2025-26,21,transfer_in,Rice,0,1
2025-26,21,transfer_in,Kelleher,0,1
2025-26,21,transfer_in,Dúbravka,1,0
2025-26,21,transfer_in,Barnes,1,0
2025-26,21,transfer_in,Sánchez,0,1
2025-26,21,transfer_in,Pickford,0,1
2025-26,21,transfer_in,Tarkowski,0,1
2025-26,21,transfer_in,Rodon,0,1
2025-26,21,transfer_in,Dalot,0,1
2025-26,21,transfer_in,Pope,0,1
2025-26,21,transfer_in,Thiaw,0,1
2025-26,21,transfer_in,Bruno G.,0,1
2025-26,21,transfer_out,Minteh,9,1
2025-26,21,transfer_out,Virgil,0,8
2025-26,21,transfer_out,Ekitiké,1,7
2025-26,21,transfer_out,J.Timber,3,4
2025-26,21,transfer_out,Kudus,4,1
2025-26,21,transfer_out,Raya,0,4
2025-26,21,transfer_out,Van den Berg,1,3
2025-26,21,transfer_out,Van Hecke,2,1
2025-26,21,transfer_out,Wirtz,1,2
2025-26,21,transfer_out,Andersen,0,2
2025-26,21,transfer_out,Hincapie,0,1
2025-26,21,transfer_out,Saka,0,1
2025-26,21,transfer_out,Petrović,1,0
2025-26,21,transfer_out,Senesi,0,1
2025-26,21,transfer_out,Lacroix,0,1
2025-26,21,transfer_out,Yeremy,1,0
2025-26,21,transfer_out,Devenny,0,1
2025-26,21,transfer_out,Szoboszlai,0,1
2025-26,21,transfer_out,Gvardiol,0,1
2025-26,21,transfer_out,Woltemade,0,1
2025-26,21,transfer_out,Anderson,0,1
2025-26,22,captain,Haaland,63,57
2025-26,22,captain,Ekitiké,0,4
2025-26,22,captain,Wirtz,0,2
2025-26,22,captain,Szoboszlai,1,0
2025-26,22,captain,Palmer,0,1
2025-26,22,chip_active,None,64,64
2025-26,22,chips_remaining,No chips,0,0
2025-26,22,chips_remaining,WC,64,63
2025-26,22,chips_remaining,FH,64,64
2025-26,22,chips_remaining,TC,64,64
2025-26,22,chips_remaining,BB,64,64
2025-26,22,fts_remaining_next,1,5,22
2025-26,22,fts_remaining_next,2,21,20
2025-26,22,fts_remaining_next,3,16,14
2025-26,22,fts_remaining_next,4,18,7
2025-26,22,fts_remaining_next,5,4,1
2025-26,22,fts_used,WC,0,0
2025-26,22,fts_used,FH,0,0
2025-26,22,fts_used,0,1,15
2025-26,22,fts_used,1,22,30
2025-26,22,fts_used,2,36,19
2025-26,22,fts_used,3,5,0
2025-26,22,hits,0,64,64
2025-26,22,transfer_in,Tavernier,37,13
2025-26,22,transfer_in,Gabriel,21,8
2025-26,22,transfer_in,Enzo,15,14
2025-26,22,transfer_in,B.Fernandes,13,7
2025-26,22,transfer_in,Rogers,0,10
2025-26,22,transfer_in,Gakpo,4,1
2025-26,22,transfer_in,Mukiele,4,1
2025-26,22,transfer_in,Rice,0,3
2025-26,22,transfer_in,Virgil,3,0
2025-26,22,transfer_in,Alderete,2,1
2025-26,22,transfer_in,Saka,2,0
2025-26,22,transfer_in,Wirtz,0,2
2025-26,22,transfer_in,Anderson,2,0
2025-26,22,transfer_in,Van de Ven,0,2
2025-26,22,transfer_in,J.Timber,0,1
2025-26,22,transfer_in,Cash,1,0
2025-26,22,transfer_in,Thiago,0,1
2025-26,22,transfer_in,Barnes,1,0
2025-26,22,transfer_in,Chalobah,1,0
2025-26,22,transfer_in,Andersen,0,1
2025-26,22,transfer_in,A.Becker,1,0
2025-26,22,transfer_in,Szoboszlai,1,0
2025-26,22,transfer_in,Bruno G.,0,1
2025-26,22,transfer_in,Ballard,0,1
2025-26,22,transfer_in,E.Le Fée,0,1
2025-26,22,transfer_in,Pedro Porro,1,0
2025-26,22,transfer_out,Cunha,62,46
2025-26,22,transfer_out,Keane,8,6
2025-26,22,transfer_out,Tarkowski,9,1
2025-26,22,transfer_out,Minteh,3,2
2025-26,22,transfer_out,L.Paquetá,2,2
2025-26,22,transfer_out,J.Timber,2,1
2025-26,22,transfer_out,Hincapie,1,2
2025-26,22,transfer_out,O'Reilly,1,2
2025-26,22,transfer_out,Cherki,2,1
2025-26,22,transfer_out,Dorgu,2,1
2025-26,22,transfer_out,Collins,2,0
2025-26,22,transfer_out,Van den Berg,2,0
2025-26,22,transfer_out,Schade,2,0
2025-26,22,transfer_out,Thiaw,2,0
2025-26,22,transfer_out,Senesi,0,1
2025-26,22,transfer_out,Kelleher,1,0
2025-26,22,transfer_out,Marc Guiu,0,1
2025-26,22,transfer_out,Lacroix,1,0
2025-26,22,transfer_out,Richards,1,0
2025-26,22,transfer_out,Dewsbury-Hall,1,0
2025-26,22,transfer_out,Rodon,0,1
2025-26,22,transfer_out,Ekitiké,1,0
2025-26,22,transfer_out,Reijnders,1,0
2025-26,22,transfer_out,Dalot,1,0
2025-26,22,transfer_out,Hall,1,0
2025-26,22,transfer_out,Anderson,1,0
2025-26,22,transfer_out,Kudus,0,1
2025-26,23,captain,Saka,30,13
2025-26,23,captain,Haaland,15,17
2025-26,23,captain,Thiago,11,16
2025-26,23,captain,Ekitiké,3,7
2025-26,23,captain,Semenyo,1,7
2025-26,23,captain,Marmoush,2,0
2025-26,23,captain,Gabriel,1,0
2025-26,23,captain,Schade,1,0
2025-26,23,captain,Wilson,0,1
2025-26,23,captain,Wirtz,0,1
2025-26,23,captain,Cherki,0,1
2025-26,23,captain,Bowen,0,1
2025-26,23,chip_active,None,62,62
2025-26,23,chip_active,WC,0,2
2025-26,23,chip_active,FH,2,0
2025-26,23,chips_remaining,No chips,0,0
2025-26,23,chips_remaining,WC,64,61
2025-26,23,chips_remaining,FH,62,64
2025-26,23,chips_remaining,TC,64,64
2025-26,23,chips_remaining,BB,64,64
2025-26,23,fts_remaining_next,1,12,26
2025-26,23,fts_remaining_next,2,19,14
2025-26,23,fts_remaining_next,3,18,14
2025-26,23,fts_remaining_next,4,11,7
2025-26,23,fts_remaining_next,5,4,3
2025-26,23,fts_used,WC,0,2
2025-26,23,fts_used,FH,2,0
2025-26,23,fts_used,0,14,19
2025-26,23,fts_used,1,22,25
2025-26,23,fts_used,2,19,16
2025-26,23,fts_used,3,7,2
2025-26,23,hits,0,64,61
2025-26,23,hits,-4,0,3
2025-26,23,transfer_in,B.Fernandes,36,35
2025-26,23,transfer_in,Enzo,6,9
2025-26,23,transfer_in,Ndiaye,8,3
2025-26,23,transfer_in,Palmer,6,1
2025-26,23,transfer_in,Watkins,5,0
2025-26,23,transfer_in,Semenyo,2,3
2025-26,23,transfer_in,Anderson,4,1
2025-26,23,transfer_in,Thiago,2,1
2025-26,23,transfer_in,Mukiele,1,2
2025-26,23,transfer_in,Rice,0,2
2025-26,23,transfer_in,Chalobah,0,2
2025-26,23,transfer_in,Saka,1,0
2025-26,23,transfer_in,Evanilson,1,0
2025-26,23,transfer_in,Kroupi.Jr,1,0
2025-26,23,transfer_in,O.Dango,0,1
2025-26,23,transfer_in,Estève,1,0
2025-26,23,transfer_in,Richards,0,1
2025-26,23,transfer_in,Dewsbury-Hall,0,1
2025-26,23,transfer_in,Andersen,1,0
2025-26,23,transfer_in,Raúl,1,0
2025-26,23,transfer_in,Gudmundsson,1,0
2025-26,23,transfer_in,Ekitiké,1,0
2025-26,23,transfer_in,Alderete,1,0
2025-26,23,transfer_in,Reinildo,1,0
2025-26,23,transfer_in,E.Le Fée,1,0
2025-26,23,transfer_in,Diouf,0,1
2025-26,23,transfer_out,Foden,38,40
2025-26,23,transfer_out,Tavernier,15,5
2025-26,23,transfer_out,Haaland,7,0
2025-26,23,transfer_out,Keane,0,4
2025-26,23,transfer_out,Gakpo,3,1
2025-26,23,transfer_out,Cunha,2,2
2025-26,23,transfer_out,Szoboszlai,1,2
2025-26,23,transfer_out,Saka,0,2
2025-26,23,transfer_out,Van den Berg,2,0
2025-26,23,transfer_out,Marc Guiu,2,0
2025-26,23,transfer_out,Lacroix,2,0
2025-26,23,transfer_out,Ekitiké,1,1
2025-26,23,transfer_out,O'Reilly,1,1
2025-26,23,transfer_out,Reijnders,2,0
2025-26,23,transfer_out,Cherki,1,1
2025-26,23,transfer_out,Thiaw,1,1
2025-26,23,transfer_out,Minteh,0,1
2025-26,23,transfer_out,Nmecha,1,0
2025-26,23,transfer_out,Wirtz,0,1
2025-26,23,transfer_out,Bruno G.,0,1
2025-26,23,transfer_out,Gordon,1,0
2025-26,23,transfer_out,L.Paquetá,1,0
2025-26,24,captain,B.Fernandes,64,54
2025-26,24,captain,Haaland,0,9
2025-26,24,captain,Mbeumo,0,1
2025-26,24,chip_active,None,64,59
2025-26,24,chip_active,WC,0,4
2025-26,24,chip_active,BB,0,1
2025-26,24,chips_remaining,No chips,0,0
2025-26,24,chips_remaining,WC,64,57
2025-26,24,chips_remaining,FH,62,64
2025-26,24,chips_remaining,TC,64,64
2025-26,24,chips_remaining,BB,64,63
2025-26,24,fts_remaining_next,1,14,25
2025-26,24,fts_remaining_next,2,23,23
2025-26,24,fts_remaining_next,3,18,11
2025-26,24,fts_remaining_next,4,6,5
2025-26,24,fts_remaining_next,5,3,0
2025-26,24,fts_used,WC,0,4
2025-26,24,fts_used,FH,0,0
2025-26,24,fts_used,0,13,15
2025-26,24,fts_used,1,27,22
2025-26,24,fts_used,2,20,17
2025-26,24,fts_used,3,4,5
2025-26,24,fts_used,6,0,1
2025-26,24,hits,0,64,62
2025-26,24,hits,-4,0,2
2025-26,24,transfer_in,B.Fernandes,15,17
2025-26,24,transfer_in,Enzo,12,16
2025-26,24,transfer_in,Mbeumo,17,8
2025-26,24,transfer_in,Anderson,7,3
2025-26,24,transfer_in,Senesi,2,3
2025-26,24,transfer_in,Evanilson,2,3
2025-26,24,transfer_in,Mukiele,3,2
2025-26,24,transfer_in,Rice,1,3
2025-26,24,transfer_in,Chalobah,0,4
2025-26,24,transfer_in,Ndiaye,4,0
2025-26,24,transfer_in,J.Timber,2,1
2025-26,24,transfer_in,Palmer,1,2
2025-26,24,transfer_in,Alderete,3,0
2025-26,24,transfer_in,Hill,0,2
2025-26,24,transfer_in,Kroupi.Jr,1,1
2025-26,24,transfer_in,João Pedro,0,2
2025-26,24,transfer_in,Haaland,2,0
2025-26,24,transfer_in,Maguire,1,1
2025-26,24,transfer_in,Richards,0,2
2025-26,24,transfer_in,Cash,0,1
2025-26,24,transfer_in,Konsa,0,1
2025-26,24,transfer_in,Rogers,0,1
2025-26,24,transfer_in,Thiago,1,0
2025-26,24,transfer_in,Barnes,0,1
2025-26,24,transfer_in,Sánchez,0,1
2025-26,24,transfer_in,Andersen,1,0
2025-26,24,transfer_in,Semenyo,0,1
2025-26,24,transfer_in,Amad,1,0
2025-26,24,transfer_in,Reinildo,1,0
2025-26,24,transfer_in,E.Le Fée,1,0
2025-26,24,transfer_in,Bowen,1,0
2025-26,24,transfer_in,Mané,0,1
2025-26,24,transfer_out,Foden,19,14
2025-26,24,transfer_out,Tavernier,11,4
2025-26,24,transfer_out,Gordon,7,8
2025-26,24,transfer_out,Szoboszlai,8,4
2025-26,24,transfer_out,Cherki,3,6
2025-26,24,transfer_out,O'Reilly,3,5
2025-26,24,transfer_out,Hall,7,1
2025-26,24,transfer_out,Ekitiké,3,4
2025-26,24,transfer_out,Minteh,4,1
2025-26,24,transfer_out,Watkins,4,0
2025-26,24,transfer_out,Thiaw,0,4
2025-26,24,transfer_out,Saka,0,3
2025-26,24,transfer_out,Schade,2,1
2025-26,24,transfer_out,Stach,1,2
2025-26,24,transfer_out,Palmer,1,1
2025-26,24,transfer_out,Keane,0,2
2025-26,24,transfer_out,Virgil,0,2
2025-26,24,transfer_out,Dorgu,0,2
2025-26,24,transfer_out,L.Miley,0,2
2025-26,24,transfer_out,Pedro Porro,2,0
2025-26,24,transfer_out,Raya,0,1
2025-26,24,transfer_out,J.Timber,0,1
2025-26,24,transfer_out,Cash,1,0
2025-26,24,transfer_out,Georginio,1,0
2025-26,24,transfer_out,Thiago,0,1
2025-26,24,transfer_out,Marc Guiu,0,1
2025-26,24,transfer_out,Devenny,0,1
2025-26,24,transfer_out,Mateta,0,1
2025-26,24,transfer_out,Ndiaye,0,1
2025-26,24,transfer_out,Wilson,0,1
2025-26,24,transfer_out,Gakpo,1,0
2025-26,24,transfer_out,Semenyo,1,0
2025-26,24,transfer_out,Cunha,0,1
2025-26,24,transfer_out,Bruno G.,0,1
2025-26,24,transfer_out,Bowen,0,1
2025-26,25,captain,B.Fernandes,62,62
2025-26,25,captain,Gabriel,1,1
2025-26,25,captain,Rice,1,0
2025-26,25,captain,Haaland,0,1
2025-26,25,chip_active,None,64,63
2025-26,25,chip_active,BB,0,1
2025-26,25,chips_remaining,No chips,0,0
2025-26,25,chips_remaining,WC,64,57
2025-26,25,chips_remaining,FH,62,64
2025-26,25,chips_remaining,TC,64,64
2025-26,25,chips_remaining,BB,64,62
2025-26,25,fts_remaining_next,1,25,31
2025-26,25,fts_remaining_next,2,20,16
2025-26,25,fts_remaining_next,3,12,13
2025-26,25,fts_remaining_next,4,5,4
2025-26,25,fts_remaining_next,5,2,0
2025-26,25,fts_used,WC,0,0
2025-26,25,fts_used,FH,0,0
2025-26,25,fts_used,0,12,18
2025-26,25,fts_used,1,24,32
2025-26,25,fts_used,2,23,8
2025-26,25,fts_used,3,4,5
2025-26,25,fts_used,4,1,1
2025-26,25,hits,0,64,63
2025-26,25,hits,-4,0,1
2025-26,25,transfer_in,Rice,34,29
2025-26,25,transfer_in,Mbeumo,7,14
2025-26,25,transfer_in,J.Timber,9,7
2025-26,25,transfer_in,Gabriel,7,4
2025-26,25,transfer_in,Sarr,6,3
2025-26,25,transfer_in,Palmer,6,0
2025-26,25,transfer_in,Enzo,2,3
2025-26,25,transfer_in,Andersen,3,1
2025-26,25,transfer_in,Ndiaye,2,1
2025-26,25,transfer_in,Anderson,1,2
2025-26,25,transfer_in,Raya,1,1
2025-26,25,transfer_in,O.Dango,2,0
2025-26,25,transfer_in,Chalobah,1,1
2025-26,25,transfer_in,Rogers,0,1
2025-26,25,transfer_in,Senesi,0,1
2025-26,25,transfer_in,Hill,0,1
2025-26,25,transfer_in,Thiago,0,1
2025-26,25,transfer_in,João Pedro,0,1
2025-26,25,transfer_in,Gudmundsson,1,0
2025-26,25,transfer_in,Calvert-Lewin,1,0
2025-26,25,transfer_in,Wirtz,1,0
2025-26,25,transfer_in,Amad,1,0
2025-26,25,transfer_in,Bowen,1,0
2025-26,25,transfer_out,Saka,46,36
2025-26,25,transfer_out,Szoboszlai,7,2
2025-26,25,transfer_out,O'Reilly,3,4
2025-26,25,transfer_out,Gordon,2,4
2025-26,25,transfer_out,Dorgu,3,2
2025-26,25,transfer_out,Marc Guiu,2,2
2025-26,25,transfer_out,Mukiele,3,1
2025-26,25,transfer_out,Collins,2,1
2025-26,25,transfer_out,Schade,2,1
2025-26,25,transfer_out,Virgil,2,1
2025-26,25,transfer_out,Foden,2,1
2025-26,25,transfer_out,Alderete,2,1
2025-26,25,transfer_out,E.Le Fée,0,3
2025-26,25,transfer_out,Rogers,0,2
2025-26,25,transfer_out,Van Hecke,1,1
2025-26,25,transfer_out,Stach,1,1
2025-26,25,transfer_out,Hall,2,0
2025-26,25,transfer_out,Verbruggen,0,1
2025-26,25,transfer_out,Minteh,1,0
2025-26,25,transfer_out,Tavernier,1,0
2025-26,25,transfer_out,Van den Berg,0,1
2025-26,25,transfer_out,Lacroix,1,0
2025-26,25,transfer_out,Tarkowski,1,0
2025-26,25,transfer_out,Keane,0,1
2025-26,25,transfer_out,Ndiaye,0,1
2025-26,25,transfer_out,A.Becker,1,0
2025-26,25,transfer_out,Thiaw,0,1
2025-26,25,transfer_out,L.Miley,0,1
2025-26,25,transfer_out,Anderson,0,1
2025-26,25,transfer_out,Reinildo,1,0
2025-26,25,transfer_out,Van de Ven,0,1
2025-26,26,captain,Gabriel (TC),36,52
2025-26,26,captain,Gabriel,23,9
2025-26,26,captain,Rice,4,1
2025-26,26,captain,J.Timber (TC),1,1
2025-26,26,captain,Rice (TC),0,1
2025-26,26,chip_active,None,27,8
2025-26,26,chip_active,WC,0,0
2025-26,26,chip_active,FH,0,0
2025-26,26,chip_active,TC,37,54
2025-26,26,chip_active,BB,0,2
2025-26,26,chips_remaining,No chips,0,0
2025-26,26,chips_remaining,WC,64,57
2025-26,26,chips_remaining,FH,62,64
2025-26,26,chips_remaining,TC,27,10
2025-26,26,chips_remaining,BB,64,60
2025-26,26,fts_remaining_next,1,19,23
2025-26,26,fts_remaining_next,2,24,20
2025-26,26,fts_remaining_next,3,13,14
2025-26,26,fts_remaining_next,4,6,7
2025-26,26,fts_remaining_next,5,2,0
2025-26,26,fts_used,WC,0,0
2025-26,26,fts_used,FH,0,0
2025-26,26,fts_used,0,17,26
2025-26,26,fts_used,1,40,29
2025-26,26,fts_used,2,6,6
2025-26,26,fts_used,3,1,3
2025-26,26,hits,0,64,63
2025-26,26,hits,-4,0,1
2025-26,26,transfer_in,Muñoz,19,19
2025-26,26,transfer_in,Sarr,12,5
2025-26,26,transfer_in,Mané,4,2
2025-26,26,transfer_in,Rice,1,3
2025-26,26,transfer_in,J.Gomes,3,1
2025-26,26,transfer_in,J.Timber,1,2
2025-26,26,transfer_in,Richards,1,2
2025-26,26,transfer_in,Strand Larsen,0,3
2025-26,26,transfer_in,José Sá,2,1
2025-26,26,transfer_in,Armstrong,3,0
2025-26,26,transfer_in,Gabriel,1,1
2025-26,26,transfer_in,Thiago,1,1
2025-26,26,transfer_in,Lacroix,2,0
2025-26,26,transfer_in,Wirtz,1,1
2025-26,26,transfer_in,Anderson,1,1
2025-26,26,transfer_in,Raya,0,1
2025-26,26,transfer_in,Martinelli,0,1
2025-26,26,transfer_in,Senesi,1,0
2025-26,26,transfer_in,Hill,0,1
2025-26,26,transfer_in,Kroupi.Jr,0,1
2025-26,26,transfer_in,João Pedro,0,1
2025-26,26,transfer_in,Dewsbury-Hall,0,1
2025-26,26,transfer_in,Andersen,0,1
2025-26,26,transfer_in,Mainoo,0,1
2025-26,26,transfer_in,Krejčí,1,0
2025-26,26,transfer_in,Tolu,1,0
2025-26,26,transfer_out,Szoboszlai,10,1
2025-26,26,transfer_out,Mukiele,5,4
2025-26,26,transfer_out,Tavernier,5,3
2025-26,26,transfer_out,Marc Guiu,7,1
2025-26,26,transfer_out,Tarkowski,5,3
2025-26,26,transfer_out,Van Hecke,4,1
2025-26,26,transfer_out,Wilson,0,5
2025-26,26,transfer_out,Hall,3,2
2025-26,26,transfer_out,O'Reilly,1,3
2025-26,26,transfer_out,Keane,0,3
2025-26,26,transfer_out,Thiaw,0,3
2025-26,26,transfer_out,Dúbravka,1,1
2025-26,26,transfer_out,Barnes,2,0
2025-26,26,transfer_out,Andersen,1,1
2025-26,26,transfer_out,Stach,2,0
2025-26,26,transfer_out,Ekitiké,0,2
2025-26,26,transfer_out,Dorgu,0,2
2025-26,26,transfer_out,Alderete,1,1
2025-26,26,transfer_out,Bowen,0,2
2025-26,26,transfer_out,J.Timber,1,0
2025-26,26,transfer_out,Saka,1,0
2025-26,26,transfer_out,Petrović,1,0
2025-26,26,transfer_out,Evanilson,0,1
2025-26,26,transfer_out,Collins,1,0
2025-26,26,transfer_out,Thiago,0,1
2025-26,26,transfer_out,Estève,1,0
2025-26,26,transfer_out,Chalobah,0,1
2025-26,26,transfer_out,Rodon,0,1
2025-26,26,transfer_out,Gudmundsson,1,0
2025-26,26,transfer_out,Foden,0,1
2025-26,26,transfer_out,Cunha,0,1
2025-26,26,transfer_out,Obi,0,1
2025-26,26,transfer_out,L.Miley,0,1
2025-26,26,transfer_out,Sels,0,1
2025-26,26,transfer_out,Ballard,0,1
2025-26,26,transfer_out,Reinildo,1,0
2025-26,26,transfer_out,E.Le Fée,0,1
2025-26,26,transfer_out,Pedro Porro,1,0
2025-26,26,transfer_out,Potts,0,1
2025-26,27,captain,Haaland,52,54
2025-26,27,captain,Palmer,12,7
2025-26,27,captain,Semenyo,0,1
2025-26,27,captain,M.Salah,0,1
2025-26,27,captain,João Pedro,0,1
2025-26,27,chip_active,None,64,64
2025-26,27,chip_active,WC,0,0
2025-26,27,chip_active,FH,0,0
2025-26,27,chip_active,TC,0,0
2025-26,27,chip_active,BB,0,0
2025-26,27,chips_remaining,No chips,0,0
2025-26,27,chips_remaining,WC,64,57
2025-26,27,chips_remaining,FH,62,64
2025-26,27,chips_remaining,TC,27,10
2025-26,27,chips_remaining,BB,64,60
2025-26,27,fts_remaining_next,1,4,15
2025-26,27,fts_remaining_next,2,24,20
2025-26,27,fts_remaining_next,3,18,13
2025-26,27,fts_remaining_next,4,12,10
2025-26,27,fts_remaining_next,5,6,6
2025-26,27,fts_used,WC,0,0
2025-26,27,fts_used,FH,0,0
2025-26,27,fts_used,0,50,43
2025-26,27,fts_used,1,8,11
2025-26,27,fts_used,2,6,7
2025-26,27,fts_used,3,0,3
2025-26,27,hits,0,64,63
2025-26,27,hits,-4,0,1
2025-26,27,transfer_in,O.Dango,11,4
2025-26,27,transfer_in,Thiago,2,13
2025-26,27,transfer_in,Hill,0,4
2025-26,27,transfer_in,Andersen,3,1
2025-26,27,transfer_in,Virgil,2,1
2025-26,27,transfer_in,James,1,1
2025-26,27,transfer_in,Wirtz,0,2
2025-26,27,transfer_in,Semenyo,0,2
2025-26,27,transfer_in,Kelleher,0,1
2025-26,27,transfer_in,Ajer,1,0
2025-26,27,transfer_in,Palmer,0,1
2025-26,27,transfer_in,Sarr,0,1
2025-26,27,transfer_in,Justin,0,1
2025-26,27,transfer_in,M.Salah,0,1
2025-26,27,transfer_in,Szoboszlai,0,1
2025-26,27,transfer_out,Rice,1,8
2025-26,27,transfer_out,Lacroix,6,2
2025-26,27,transfer_out,Anderson,6,0
2025-26,27,transfer_out,Marc Guiu,0,5
2025-26,27,transfer_out,Evanilson,1,3
2025-26,27,transfer_out,J.Gomes,3,1
2025-26,27,transfer_out,J.Timber,0,3
2025-26,27,transfer_out,Tarkowski,0,3
2025-26,27,transfer_out,Raya,0,1
2025-26,27,transfer_out,Martinelli,0,1
2025-26,27,transfer_out,Strand Larsen,0,1
2025-26,27,transfer_out,Ekitiké,1,0
2025-26,27,transfer_out,Cherki,1,0
2025-26,27,transfer_out,Haaland,0,1
2025-26,27,transfer_out,Mbeumo,0,1
2025-26,27,transfer_out,Bruno G.,0,1
2025-26,27,transfer_out,Bowen,0,1
2025-26,27,transfer_out,Marshall,0,1
2025-26,27,transfer_out,Krejčí,1,0
2025-26,27,transfer_out,Mané,0,1
2025-26,28,captain,B.Fernandes,54,35
2025-26,28,captain,Haaland,3,27
2025-26,28,captain,M.Salah,7,1
2025-26,28,captain,Ekitiké,0,1
2025-26,28,chip_active,None,64,63
2025-26,28,chip_active,WC,0,0
2025-26,28,chip_active,FH,0,0
2025-26,28,chip_active,TC,0,0
2025-26,28,chip_active,BB,0,1
2025-26,28,chips_remaining,No chips,0,0
2025-26,28,chips_remaining,WC,64,57
2025-26,28,chips_remaining,FH,62,64
2025-26,28,chips_remaining,TC,27,10
2025-26,28,chips_remaining,BB,64,59
2025-26,28,fts_remaining_next,1,19,39
2025-26,28,fts_remaining_next,2,16,11
2025-26,28,fts_remaining_next,3,18,8
2025-26,28,fts_remaining_next,4,8,6
2025-26,28,fts_remaining_next,5,3,0
2025-26,28,fts_used,WC,0,0
2025-26,28,fts_used,FH,0,0
2025-26,28,fts_used,0,13,4
2025-26,28,fts_used,1,16,18
2025-26,28,fts_used,2,25,25
2025-26,28,fts_used,3,10,12
2025-26,28,fts_used,4,0,5
2025-26,28,hits,0,64,59
2025-26,28,hits,-4,0,5
2025-26,28,transfer_in,O.Dango,28,28
2025-26,28,transfer_in,Wilson,12,19
2025-26,28,transfer_in,Virgil,4,23
2025-26,28,transfer_in,Thiago,7,13
2025-26,28,transfer_in,Szoboszlai,9,6
2025-26,28,transfer_in,Ekitiké,6,8
2025-26,28,transfer_in,M.Salah,9,1
2025-26,28,transfer_in,Hill,1,7
2025-26,28,transfer_in,Andersen,7,1
2025-26,28,transfer_in,Senesi,4,0
2025-26,28,transfer_in,Tavernier,2,2
2025-26,28,transfer_in,O'Reilly,0,4
2025-26,28,transfer_in,Gordon,2,1
2025-26,28,transfer_in,Rayan,0,2
2025-26,28,transfer_in,Schade,1,1
2025-26,28,transfer_in,Semenyo,0,2
2025-26,28,transfer_in,Mbeumo,1,1
2025-26,28,transfer_in,Thiaw,2,0
2025-26,28,transfer_in,Kelleher,0,1
2025-26,28,transfer_in,Dewsbury-Hall,0,1
2025-26,28,transfer_in,Rodon,0,1
2025-26,28,transfer_in,Konaté,0,1
2025-26,28,transfer_in,Wirtz,0,1
2025-26,28,transfer_in,Gakpo,1,0
2025-26,28,transfer_out,Enzo,21,36
2025-26,28,transfer_out,Rice,6,18
2025-26,28,transfer_out,Palmer,12,3
2025-26,28,transfer_out,Sarr,14,1
2025-26,28,transfer_out,Muñoz,6,8
2025-26,28,transfer_out,J.Timber,2,10
2025-26,28,transfer_out,Marc Guiu,4,7
2025-26,28,transfer_out,Chalobah,1,7
2025-26,28,transfer_out,Richards,2,3
2025-26,28,transfer_out,Wirtz,1,4
2025-26,28,transfer_out,Haaland,3,1
2025-26,28,transfer_out,Anderson,4,0
2025-26,28,transfer_out,Mukiele,1,3
2025-26,28,transfer_out,Kroupi.Jr,2,1
2025-26,28,transfer_out,Lacroix,3,0
2025-26,28,transfer_out,Dorgu,1,2
2025-26,28,transfer_out,E.Le Fée,2,1
2025-26,28,transfer_out,Bowen,0,3
2025-26,28,transfer_out,Mané,1,2
2025-26,28,transfer_out,Watkins,1,1
2025-26,28,transfer_out,Collins,2,0
2025-26,28,transfer_out,João Pedro,0,2
2025-26,28,transfer_out,Strand Larsen,0,2
2025-26,28,transfer_out,Amad,2,0
2025-26,28,transfer_out,Gabriel,0,1
2025-26,28,transfer_out,Evanilson,0,1
2025-26,28,transfer_out,Barnes,0,1
2025-26,28,transfer_out,Sánchez,0,1
2025-26,28,transfer_out,Keane,0,1
2025-26,28,transfer_out,Dewsbury-Hall,1,0
2025-26,28,transfer_out,Szoboszlai,1,0
2025-26,28,transfer_out,Heaven,0,1
2025-26,28,transfer_out,Mbeumo,1,0
2025-26,28,transfer_out,Mainoo,0,1
2025-26,28,transfer_out,Alderete,0,1
2025-26,28,transfer_out,Potts,0,1
2025-26,28,transfer_out,Armstrong,1,0
2025-26,28,transfer_out,Tolu,1,0
2025-26,29,captain,Haaland,42,51
2025-26,29,captain,M.Salah,13,1
2025-26,29,captain,B.Fernandes,4,6
2025-26,29,captain,Ndiaye,4,1
2025-26,29,captain,Semenyo,0,3
2025-26,29,captain,Ekitiké,0,2
2025-26,29,chip_active,None,63,64
2025-26,29,chip_active,WC,0,0
2025-26,29,chip_active,FH,0,0
2025-26,29,chip_active,TC,0,0
2025-26,29,chip_active,BB,0,0
2025-26,29,chips_remaining,No chips,0,0
2025-26,29,chips_remaining,WC,63,57
2025-26,29,chips_remaining,FH,61,64
2025-26,29,chips_remaining,TC,26,10
2025-26,29,chips_remaining,BB,63,59
2025-26,29,fts_remaining_next,1,6,6
2025-26,29,fts_remaining_next,2,18,38
2025-26,29,fts_remaining_next,3,18,10
2025-26,29,fts_remaining_next,4,17,7
2025-26,29,fts_remaining_next,5,4,3
2025-26,29,fts_used,WC,0,0
2025-26,29,fts_used,FH,0,0
2025-26,29,fts_used,0,44,52
2025-26,29,fts_used,1,12,6
2025-26,29,fts_used,2,7,5
2025-26,29,fts_used,3,0,1
2025-26,29,hits,0,63,63
2025-26,29,hits,-4,0,1
2025-26,29,transfer_in,Ndiaye,7,3
2025-26,29,transfer_in,Calvert-Lewin,8,1
2025-26,29,transfer_in,Tavernier,0,6
2025-26,29,transfer_in,Ekitiké,1,4
2025-26,29,transfer_in,M.Salah,4,0
2025-26,29,transfer_in,Struijk,2,1
2025-26,29,transfer_in,Szoboszlai,3,0
2025-26,29,transfer_in,Wilson,0,2
2025-26,29,transfer_in,Virgil,1,1
2025-26,29,transfer_in,Yoro,0,1
2025-26,29,transfer_out,Rice,8,6
2025-26,29,transfer_out,Marc Guiu,3,1
2025-26,29,transfer_out,Haaland,4,0
2025-26,29,transfer_out,Kroupi.Jr,0,3
2025-26,29,transfer_out,Anderson,2,1
2025-26,29,transfer_out,Wirtz,0,2
2025-26,29,transfer_out,L.Miley,0,2
2025-26,29,transfer_out,E.Le Fée,2,0
2025-26,29,transfer_out,Marshall,1,1
2025-26,29,transfer_out,Collins,1,0
2025-26,29,transfer_out,Enzo,1,0
2025-26,29,transfer_out,Lacroix,1,0
2025-26,29,transfer_out,Richards,1,0
2025-26,29,transfer_out,Sarr,1,0
2025-26,29,transfer_out,Tarkowski,0,1
2025-26,29,transfer_out,Dorgu,0,1
2025-26,29,transfer_out,Mukiele,0,1
2025-26,29,transfer_out,Armstrong,1,0
2025-26,30,captain,B.Fernandes,35,47
2025-26,30,captain,M.Salah,28,9
2025-26,30,captain,Haaland,0,4
2025-26,30,captain,Ekitiké,0,4
2025-26,30,chip_active,None,63,64
2025-26,30,chip_active,WC,0,0
2025-26,30,chip_active,FH,0,0
2025-26,30,chip_active,TC,0,0
2025-26,30,chip_active,BB,0,0
2025-26,30,chips_remaining,No chips,0,0
2025-26,30,chips_remaining,WC,63,57
2025-26,30,chips_remaining,FH,61,64
2025-26,30,chips_remaining,TC,26,10
2025-26,30,chips_remaining,BB,63,59
2025-26,30,fts_remaining_next,1,5,12
2025-26,30,fts_remaining_next,2,11,15
2025-26,30,fts_remaining_next,3,22,22
2025-26,30,fts_remaining_next,4,14,9
2025-26,30,fts_remaining_next,5,11,6
2025-26,30,fts_used,WC,0,0
2025-26,30,fts_used,FH,0,0
2025-26,30,fts_used,0,38,36
2025-26,30,fts_used,1,9,13
2025-26,30,fts_used,2,14,14
2025-26,30,fts_used,3,2,0
2025-26,30,fts_used,4,0,1
2025-26,30,hits,0,63,64
2025-26,30,hits,-4,0,0
2025-26,30,transfer_in,M.Salah,16,8
2025-26,30,transfer_in,João Pedro,8,6
2025-26,30,transfer_in,Tavernier,7,3
2025-26,30,transfer_in,Ekitiké,3,6
2025-26,30,transfer_in,Senesi,3,2
2025-26,30,transfer_in,Virgil,0,5
2025-26,30,transfer_in,Thiago,0,4
2025-26,30,transfer_in,Calvert-Lewin,2,1
2025-26,30,transfer_in,Hill,0,2
2025-26,30,transfer_in,Palmer,0,2
2025-26,30,transfer_in,Bowen,2,0
2025-26,30,transfer_in,Evanilson,1,0
2025-26,30,transfer_in,Kelleher,0,1
2025-26,30,transfer_in,Tete,1,0
2025-26,30,transfer_in,Wilson,0,1
2025-26,30,transfer_in,Darlow,0,1
2025-26,30,transfer_in,Rodon,0,1
2025-26,30,transfer_in,Wirtz,0,1
2025-26,30,transfer_in,Anderson,0,1
2025-26,30,transfer_out,Haaland,16,13
2025-26,30,transfer_out,Rice,7,4
2025-26,30,transfer_out,Ndiaye,6,2
2025-26,30,transfer_out,Muñoz,1,4
2025-26,30,transfer_out,E.Le Fée,4,1
2025-26,30,transfer_out,Rogers,0,4
2025-26,30,transfer_out,Enzo,1,3
2025-26,30,transfer_out,Mukiele,2,2
2025-26,30,transfer_out,Sánchez,0,2
2025-26,30,transfer_out,Tarkowski,1,1
2025-26,30,transfer_out,Semenyo,1,1
2025-26,30,transfer_out,Mbeumo,2,0
2025-26,30,transfer_out,Mané,0,2
2025-26,30,transfer_out,Barnes,0,1
2025-26,30,transfer_out,Marc Guiu,0,1
2025-26,30,transfer_out,Keane,0,1
2025-26,30,transfer_out,Wilson,1,0
2025-26,30,transfer_out,Szoboszlai,1,0
2025-26,30,transfer_out,O'Reilly,0,1
2025-26,30,transfer_out,Van de Ven,0,1
2025-26,30,transfer_out,Potts,0,1
2025-26,31,captain,B.Fernandes,62,59
2025-26,31,captain,Wilson,0,3
2025-26,31,captain,Wirtz,0,1
2025-26,31,captain,Palmer,0,1
2025-26,31,captain,M.Salah,1,0
2025-26,31,chip_active,None,63,64
2025-26,31,chip_active,WC,0,0
2025-26,31,chip_active,FH,0,0
2025-26,31,chip_active,TC,0,0
2025-26,31,chip_active,BB,0,0
2025-26,31,chips_remaining,No chips,0,0
2025-26,31,chips_remaining,WC,63,57
2025-26,31,chips_remaining,FH,61,64
2025-26,31,chips_remaining,TC,26,10
2025-26,31,chips_remaining,BB,63,59
2025-26,31,fts_remaining_next,1,5,19
2025-26,31,fts_remaining_next,2,19,16
2025-26,31,fts_remaining_next,3,19,12
2025-26,31,fts_remaining_next,4,12,10
2025-26,31,fts_remaining_next,5,8,7
2025-26,31,fts_used,WC,0,0
2025-26,31,fts_used,FH,0,0
2025-26,31,fts_used,0,10,11
2025-26,31,fts_used,1,30,31
2025-26,31,fts_used,2,19,19
2025-26,31,fts_used,3,4,2
2025-26,31,fts_used,4,0,1
2025-26,31,hits,0,62,61
2025-26,31,hits,-4,1,3
2025-26,31,transfer_in,Thiaw,20,23
2025-26,31,transfer_in,Gordon,21,17
2025-26,31,transfer_in,Wilson,13,10
2025-26,31,transfer_in,Hall,11,5
2025-26,31,transfer_in,Andersen,4,10
2025-26,31,transfer_in,Palmer,3,2
2025-26,31,transfer_in,Bowen,2,1
2025-26,31,transfer_in,Calvert-Lewin,2,1
2025-26,31,transfer_in,João Pedro,1,1
2025-26,31,transfer_in,Richarlison,0,2
2025-26,31,transfer_in,Ekitiké,1,0
2025-26,31,transfer_in,Gibbs-White,0,1
2025-26,31,transfer_in,Wirtz,0,1
2025-26,31,transfer_in,Leno,1,0
2025-26,31,transfer_in,Pedro Porro,0,1
2025-26,31,transfer_in,Raúl,0,1
2025-26,31,transfer_in,Rogers,0,1
2025-26,31,transfer_in,Szoboszlai,0,1
2025-26,31,transfer_in,Tete,1,0
2025-26,31,transfer_in,Maguire,0,1
2025-26,31,transfer_out,M.Salah,22,8
2025-26,31,transfer_out,Rice,13,14
2025-26,31,transfer_out,J.Timber,12,15
2025-26,31,transfer_out,Muñoz,10,5
2025-26,31,transfer_out,Semenyo,1,6
2025-26,31,transfer_out,Haaland,3,4
2025-26,31,transfer_out,O'Reilly,1,5
2025-26,31,transfer_out,Chalobah,1,4
2025-26,31,transfer_out,Lacroix,5,0
2025-26,31,transfer_out,Sarr,1,3
2025-26,31,transfer_out,Richards,1,2
2025-26,31,transfer_out,Guéhi,0,3
2025-26,31,transfer_out,Marc Guiu,3,0
2025-26,31,transfer_out,James,1,1
2025-26,31,transfer_out,Gudmundsson,1,1
2025-26,31,transfer_out,Kroupi.Jr,0,2
2025-26,31,transfer_out,Dorgu,1,1
2025-26,31,transfer_out,Mukiele,1,1
2025-26,31,transfer_out,Devenny,0,1
2025-26,31,transfer_out,Dalot,0,1
2025-26,31,transfer_out,Tavernier,0,1
2025-26,31,transfer_out,Tarkowski,1,0
2025-26,31,transfer_out,Matheus N.,0,1
2025-26,31,transfer_out,Raya,1,0
2025-26,31,transfer_out,Ajer,1,0
2025-26,32,captain,B.Fernandes,63,63
2025-26,32,captain,Haaland,0,1
2025-26,32,chip_active,None,11,24
2025-26,32,chip_active,WC,49,39
2025-26,32,chip_active,FH,0,0
2025-26,32,chip_active,TC,0,0
2025-26,32,chip_active,BB,3,1
2025-26,32,chips_remaining,No chips,0,0
2025-26,32,chips_remaining,WC,14,18
2025-26,32,chips_remaining,FH,61,64
2025-26,32,chips_remaining,TC,26,10
2025-26,32,chips_remaining,BB,60,58
2025-26,32,fts_remaining_next,1,10,20
2025-26,32,fts_remaining_next,2,18,18
2025-26,32,fts_remaining_next,3,14,8
2025-26,32,fts_remaining_next,4,12,11
2025-26,32,fts_remaining_next,5,9,7
2025-26,32,fts_used,WC,49,39
2025-26,32,fts_used,FH,0,0
2025-26,32,fts_used,0,3,5
2025-26,32,fts_used,1,4,14
2025-26,32,fts_used,2,4,4
2025-26,32,fts_used,3,3,2
2025-26,32,hits,0,63,64
2025-26,32,hits,-4,0,0
2025-26,32,transfer_in,Bowen,7,18
2025-26,32,transfer_in,Cunha,6,5
2025-26,32,transfer_in,Rice,2,0
2025-26,32,transfer_in,Welbeck,2,0
2025-26,32,transfer_in,Raya,0,1
2025-26,32,transfer_in,Saliba,0,1
2025-26,32,transfer_in,M.Salah,1,0
2025-26,32,transfer_in,Lammens,0,1
2025-26,32,transfer_in,Dalot,0,1
2025-26,32,transfer_in,Yoro,0,1
2025-26,32,transfer_in,Gordon,1,0
2025-26,32,transfer_in,Alderete,1,0
2025-26,32,transfer_in,Mavropanos,1,0
2025-26,32,transfer_out,Ekitiké,2,13
2025-26,32,transfer_out,O.Dango,5,2
2025-26,32,transfer_out,João Pedro,2,2
2025-26,32,transfer_out,Tavernier,2,1
2025-26,32,transfer_out,Marc Guiu,1,2
2025-26,32,transfer_out,Schade,2,0
2025-26,32,transfer_out,Mané,1,1
2025-26,32,transfer_out,Petrović,0,1
2025-26,32,transfer_out,Senesi,0,1
2025-26,32,transfer_out,Kroupi.Jr,1,0
2025-26,32,transfer_out,Kelleher,0,1
2025-26,32,transfer_out,Lacroix,1,0
2025-26,32,transfer_out,Andersen,1,0
2025-26,32,transfer_out,Calvert-Lewin,1,0
2025-26,32,transfer_out,Szoboszlai,1,0
2025-26,32,transfer_out,Dalot,0,1
2025-26,32,transfer_out,Maguire,0,1
2025-26,32,transfer_out,Obi,1,0
2025-26,32,transfer_out,Anderson,0,1
2025-26,32,transfer_out,Potts,0,1
2025-26,33,captain,Haaland,63,62
2025-26,33,captain,Palmer,0,2
2025-26,33,chip_active,None,0,0
2025-26,33,chip_active,WC,4,5
2025-26,33,chip_active,FH,10,21
2025-26,33,chip_active,TC,0,0
2025-26,33,chip_active,BB,49,38
2025-26,33,chips_remaining,No chips,0,2
2025-26,33,chips_remaining,WC,10,13
2025-26,33,chips_remaining,FH,51,43
2025-26,33,chips_remaining,TC,26,10
2025-26,33,chips_remaining,BB,11,20
2025-26,33,fts_remaining_next,1,16,19
2025-26,33,fts_remaining_next,2,16,21
2025-26,33,fts_remaining_next,3,16,11
2025-26,33,fts_remaining_next,4,10,10
2025-26,33,fts_remaining_next,5,5,3
2025-26,33,fts_used,WC,4,5
2025-26,33,fts_used,FH,10,21
2025-26,33,fts_used,0,10,5
2025-26,33,fts_used,1,15,20
2025-26,33,fts_used,2,17,10
2025-26,33,fts_used,3,7,3
2025-26,33,hits,0,62,63
2025-26,33,hits,-4,1,1
2025-26,33,transfer_in,Enzo,21,11
2025-26,33,transfer_in,Hill,11,11
2025-26,33,transfer_in,João Pedro,10,4
2025-26,33,transfer_in,Calvert-Lewin,8,6
2025-26,33,transfer_in,Senesi,11,2
2025-26,33,transfer_in,Struijk,0,7
2025-26,33,transfer_in,Bijol,1,3
2025-26,33,transfer_in,Gudmundsson,2,1
2025-26,33,transfer_in,Groß,1,1
2025-26,33,transfer_in,Evanilson,2,0
2025-26,33,transfer_in,Palmer,0,2
2025-26,33,transfer_in,Tavernier,1,0
2025-26,33,transfer_in,Scott,1,0
2025-26,33,transfer_in,Rayan,0,1
2025-26,33,transfer_in,Bogle,1,0
2025-26,33,transfer_out,Gabriel,26,24
2025-26,33,transfer_out,Bowen,19,9
2025-26,33,transfer_out,Mitoma,17,6
2025-26,33,transfer_out,B.Fernandes,4,4
2025-26,33,transfer_out,Gordon,2,2
2025-26,33,transfer_out,Rice,1,1
2025-26,33,transfer_out,Thiago,1,1
2025-26,33,transfer_out,Sarr,0,1
2025-26,33,transfer_out,Cunha,0,1
2025-26,34,captain,B.Fernandes,48,58
2025-26,34,captain,M.Salah,15,6
2025-26,34,chip_active,None,12,21
2025-26,34,chip_active,WC,0,0
2025-26,34,chip_active,FH,51,43
2025-26,34,chip_active,TC,0,0
2025-26,34,chip_active,BB,0,0
2025-26,34,chips_remaining,No chips,28,33
2025-26,34,chips_remaining,WC,10,13
2025-26,34,chips_remaining,FH,0,0
2025-26,34,chips_remaining,TC,26,10
2025-26,34,chips_remaining,BB,11,20
2025-26,34,fts_remaining_next,1,13,22
2025-26,34,fts_remaining_next,2,21,19
2025-26,34,fts_remaining_next,3,15,13
2025-26,34,fts_remaining_next,4,12,7
2025-26,34,fts_remaining_next,5,2,3
2025-26,34,fts_used,WC,0,0
2025-26,34,fts_used,FH,51,43
2025-26,34,fts_used,0,5,5
2025-26,34,fts_used,1,4,7
2025-26,34,fts_used,2,1,7
2025-26,34,fts_used,3,0,0
2025-26,34,fts_used,4,1,2
2025-26,34,fts_used,5,1,0
2025-26,34,hits,0,63,63
2025-26,34,hits,-4,0,1
2025-26,34,transfer_in,Solanke,4,2
2025-26,34,transfer_in,Rice,3,2
2025-26,34,transfer_in,M.Salah,1,4
2025-26,34,transfer_in,Szoboszlai,1,2
2025-26,34,transfer_in,Roefs,0,3
2025-26,34,transfer_in,Xavi,1,2
2025-26,34,transfer_in,Raya,0,2
2025-26,34,transfer_in,Rogers,1,1
2025-26,34,transfer_in,Watkins,0,2
2025-26,34,transfer_in,Ndiaye,1,1
2025-26,34,transfer_in,Saliba,0,1
2025-26,34,transfer_in,Gabriel,1,0
2025-26,34,transfer_in,Richards,0,1
2025-26,34,transfer_in,Lacroix,1,0
2025-26,34,transfer_in,Dewsbury-Hall,0,1
2025-26,34,transfer_in,Wilson,0,1
2025-26,34,transfer_in,Brobbey,0,1
2025-26,34,transfer_in,Kinsky,0,1
2025-26,34,transfer_in,Danso,1,0
2025-26,34,transfer_in,Mavropanos,0,1
2025-26,34,transfer_in,Bowen,0,1
2025-26,34,transfer_out,Gordon,2,6
2025-26,34,transfer_out,Tavernier,2,2
2025-26,34,transfer_out,Dúbravka,0,4
2025-26,34,transfer_out,Palmer,2,1
2025-26,34,transfer_out,João Pedro,2,1
2025-26,34,transfer_out,Ekitiké,0,3
2025-26,34,transfer_out,Haaland,1,2
2025-26,34,transfer_out,J.Timber,0,2
2025-26,34,transfer_out,O.Dango,1,1
2025-26,34,transfer_out,Enzo,0,2
2025-26,34,transfer_out,Struijk,2,0
2025-26,34,transfer_out,Verbruggen,0,1
2025-26,34,transfer_out,Hill,1,0
2025-26,34,transfer_out,Rayan,0,1
2025-26,34,transfer_out,Sánchez,0,1
2025-26,34,transfer_out,Rodon,0,1
2025-26,34,transfer_out,Calvert-Lewin,1,0
2025-26,34,transfer_out,Semenyo,1,0
2025-26,34,transfer_out,Xhaka,0,1
2025-26,35,captain,Haaland,62,57
2025-26,35,captain,B.Fernandes,1,4
2025-26,35,captain,Palmer,0,1
2025-26,35,captain,Calvert-Lewin,0,1
2025-26,35,captain,Cherki,0,1
2025-26,35,chip_active,None,49,46
2025-26,35,chip_active,WC,10,12
2025-26,35,chip_active,FH,0,0
2025-26,35,chip_active,TC,0,0
2025-26,35,chip_active,BB,4,6
2025-26,35,chips_remaining,No chips,30,40
2025-26,35,chips_remaining,WC,0,1
2025-26,35,chips_remaining,FH,0,0
2025-26,35,chips_remaining,TC,26,10
2025-26,35,chips_remaining,BB,7,14
2025-26,35,fts_remaining_next,1,4,15
2025-26,35,fts_remaining_next,2,18,16
2025-26,35,fts_remaining_next,3,16,17
2025-26,35,fts_remaining_next,4,17,14
2025-26,35,fts_remaining_next,5,8,2
2025-26,35,fts_used,WC,10,12
2025-26,35,fts_used,FH,0,0
2025-26,35,fts_used,0,41,26
2025-26,35,fts_used,1,9,22
2025-26,35,fts_used,2,3,4
2025-26,35,hits,0,63,64
2025-26,35,hits,-4,0,0
2025-26,35,transfer_in,Gabriel,4,13
2025-26,35,transfer_in,Cherki,3,7
2025-26,35,transfer_in,B.Fernandes,4,2
2025-26,35,transfer_in,O'Reilly,0,4
2025-26,35,transfer_in,Thiago,3,0
2025-26,35,transfer_in,Groß,0,1
2025-26,35,transfer_in,Lacroix,0,1
2025-26,35,transfer_in,Bogle,0,1
2025-26,35,transfer_in,Calvert-Lewin,1,0
2025-26,35,transfer_in,E.Le Fée,0,1
2025-26,35,transfer_out,Senesi,1,11
2025-26,35,transfer_out,Enzo,3,2
2025-26,35,transfer_out,Semenyo,2,2
2025-26,35,transfer_out,Hill,2,1
2025-26,35,transfer_out,João Pedro,3,0
2025-26,35,transfer_out,Xavi,1,2
2025-26,35,transfer_out,Bijol,1,1
2025-26,35,transfer_out,Gudmundsson,0,2
2025-26,35,transfer_out,Virgil,0,2
2025-26,35,transfer_out,Mbeumo,0,2
2025-26,35,transfer_out,Cunha,0,2
2025-26,35,transfer_out,Scott,0,1
2025-26,35,transfer_out,Palmer,1,0
2025-26,35,transfer_out,Thiaw,0,1
2025-26,35,transfer_out,Reinildo,0,1
2025-26,35,transfer_out,Solanke,1,0
2025-26,36,captain,Haaland,37,54
2025-26,36,captain,Haaland (TC),26,8
2025-26,36,captain,Semenyo (TC),0,1
2025-26,36,captain,Cherki (TC),0,1
2025-26,36,chip_active,None,30,42
2025-26,36,chip_active,WC,0,1
2025-26,36,chip_active,FH,0,0
2025-26,36,chip_active,TC,26,10
2025-26,36,chip_active,BB,7,11
2025-26,36,chips_remaining,No chips,63,61
2025-26,36,chips_remaining,WC,0,0
2025-26,36,chips_remaining,FH,0,0
2025-26,36,chips_remaining,TC,0,0
2025-26,36,chips_remaining,BB,0,3
2025-26,36,fts_remaining_next,1,22,36
2025-26,36,fts_remaining_next,2,27,20
2025-26,36,fts_remaining_next,3,12,8
2025-26,36,fts_remaining_next,4,2,0
2025-26,36,fts_remaining_next,5,0,0
2025-26,36,fts_used,WC,0,1
2025-26,36,fts_used,FH,0,0
2025-26,36,fts_used,0,4,5
2025-26,36,fts_used,1,9,15
2025-26,36,fts_used,2,26,21
2025-26,36,fts_used,3,19,17
2025-26,36,fts_used,4,4,4
2025-26,36,fts_used,5,1,1
2025-26,36,hits,0,63,62
2025-26,36,hits,-4,0,2
2025-26,36,transfer_in,Cherki,45,21
2025-26,36,transfer_in,Gabriel,36,12
2025-26,36,transfer_in,Saka,7,38
2025-26,36,transfer_in,Lacroix,16,12
2025-26,36,transfer_in,Welbeck,15,9
2025-26,36,transfer_in,Gyökeres,6,10
2025-26,36,transfer_in,Szoboszlai,3,4
2025-26,36,transfer_in,Henderson,4,2
2025-26,36,transfer_in,Hinshelwood,0,4
2025-26,36,transfer_in,F.Kadıoğlu,1,2
2025-26,36,transfer_in,Canvot,1,2
2025-26,36,transfer_in,Van Hecke,1,1
2025-26,36,transfer_in,Muñoz,1,1
2025-26,36,transfer_in,Sarr,0,2
2025-26,36,transfer_in,Ndiaye,2,0
2025-26,36,transfer_in,Wilson,0,2
2025-26,36,transfer_in,Doku,0,2
2025-26,36,transfer_in,Verbruggen,0,1
2025-26,36,transfer_in,Keane,1,0
2025-26,36,transfer_in,Virgil,0,1
2025-26,36,transfer_in,O'Reilly,0,1
2025-26,36,transfer_in,Semenyo,0,1
2025-26,36,transfer_in,Gallagher,0,1
2025-26,36,transfer_out,Semenyo,44,22
2025-26,36,transfer_out,Palmer,6,38
2025-26,36,transfer_out,Struijk,28,15
2025-26,36,transfer_out,Senesi,19,8
2025-26,36,transfer_out,João Pedro,10,8
2025-26,36,transfer_out,Calvert-Lewin,8,7
2025-26,36,transfer_out,Enzo,3,3
2025-26,36,transfer_out,Bogle,4,2
2025-26,36,transfer_out,Verbruggen,3,2
2025-26,36,transfer_out,Hill,2,3
2025-26,36,transfer_out,Tavernier,3,2
2025-26,36,transfer_out,Thiago,1,3
2025-26,36,transfer_out,Eze,0,3
2025-26,36,transfer_out,Gudmundsson,3,0
2025-26,36,transfer_out,Evanilson,2,0
2025-26,36,transfer_out,Justin,0,2
2025-26,36,transfer_out,Mbeumo,0,2
2025-26,36,transfer_out,Raya,0,1
2025-26,36,transfer_out,Rice,1,0
2025-26,36,transfer_out,O.Dango,0,1
2025-26,36,transfer_out,Bijol,1,0
2025-26,36,transfer_out,Okafor,0,1
2025-26,36,transfer_out,Aaronson,0,1
2025-26,36,transfer_out,Virgil,0,1
2025-26,36,transfer_out,Donnarumma,1,0
2025-26,36,transfer_out,Yoro,0,1
2025-26,36,transfer_out,Gordon,0,1
2025-26,36,transfer_out,Gibbs-White,0,1
2025-26,36,transfer_out,Bowen,0,1
2025-26,37,captain,Saka,25,31
2025-26,37,captain,Gyökeres,16,18
2025-26,37,captain,B.Fernandes,21,7
2025-26,37,captain,Trossard,0,3
2025-26,37,captain,Haaland,0,3
2025-26,37,captain,Gabriel,1,1
2025-26,37,captain,Palmer,0,1
2025-26,37,chip_active,None,63,61
2025-26,37,chip_active,WC,0,0
2025-26,37,chip_active,FH,0,0
2025-26,37,chip_active,TC,0,0
2025-26,37,chip_active,BB,0,3
2025-26,37,chips_remaining,No chips,63,64
2025-26,37,chips_remaining,WC,0,0
2025-26,37,chips_remaining,FH,0,0
2025-26,37,chips_remaining,TC,0,0
2025-26,37,chips_remaining,BB,0,0
2025-26,37,fts_remaining_next,1,41,38
2025-26,37,fts_remaining_next,2,21,25
2025-26,37,fts_remaining_next,3,1,0
2025-26,37,fts_remaining_next,4,0,1
2025-26,37,fts_remaining_next,5,0,0
2025-26,37,fts_used,WC,0,0
2025-26,37,fts_used,FH,0,0
2025-26,37,fts_used,0,4,10
2025-26,37,fts_used,1,27,35
2025-26,37,fts_used,2,26,17
2025-26,37,fts_used,3,6,2
2025-26,37,hits,0,63,61
2025-26,37,hits,-4,0,3
2025-26,37,transfer_in,Gyökeres,16,15
2025-26,37,transfer_in,Saka,23,5
2025-26,37,transfer_in,Saliba,14,7
2025-26,37,transfer_in,Ndiaye,12,5
2025-26,37,transfer_in,Trossard,5,6
2025-26,37,transfer_in,Rice,5,4
2025-26,37,transfer_in,Keane,3,6
2025-26,37,transfer_in,Gabriel,5,3
2025-26,37,transfer_in,Thiago,4,1
2025-26,37,transfer_in,Tarkowski,4,1
2025-26,37,transfer_in,Dewsbury-Hall,0,5
2025-26,37,transfer_in,Raya,1,3
2025-26,37,transfer_in,Bruno G.,0,4
2025-26,37,transfer_in,Lewis-Skelly,2,0
2025-26,37,transfer_in,Leno,1,1
2025-26,37,transfer_in,Rodon,0,2
2025-26,37,transfer_in,Calafiori,0,1
2025-26,37,transfer_in,Eze,0,1
2025-26,37,transfer_in,Hinshelwood,0,1
2025-26,37,transfer_in,Welbeck,1,0
2025-26,37,transfer_in,Kayode,0,1
2025-26,37,transfer_in,Palmer,0,1
2025-26,37,transfer_in,Bassey,0,1
2025-26,37,transfer_in,Stach,1,0
2025-26,37,transfer_in,Barnes,0,1
2025-26,37,transfer_out,Palmer,26,4
2025-26,37,transfer_out,João Pedro,14,5
2025-26,37,transfer_out,Tavernier,7,7
2025-26,37,transfer_out,Lacroix,8,5
2025-26,37,transfer_out,Muñoz,7,5
2025-26,37,transfer_out,Calvert-Lewin,4,8
2025-26,37,transfer_out,Struijk,6,4
2025-26,37,transfer_out,Rogers,2,7
2025-26,37,transfer_out,Senesi,6,1
2025-26,37,transfer_out,Cherki,5,2
2025-26,37,transfer_out,Welbeck,2,3
2025-26,37,transfer_out,Groß,3,1
2025-26,37,transfer_out,Mitoma,1,3
2025-26,37,transfer_out,Henderson,2,2
2025-26,37,transfer_out,Semenyo,1,2
2025-26,37,transfer_out,Eze,0,2
2025-26,37,transfer_out,Rice,0,1
2025-26,37,transfer_out,Verbruggen,0,1
2025-26,37,transfer_out,F.Kadıoğlu,0,1
2025-26,37,transfer_out,Hill,0,1
2025-26,37,transfer_out,Scott,0,1
2025-26,37,transfer_out,Enzo,0,1
2025-26,37,transfer_out,Canvot,0,1
2025-26,37,transfer_out,Richards,1,0
2025-26,37,transfer_out,Sarr,1,0
2025-26,37,transfer_out,Andersen,0,1
2025-26,37,transfer_out,Bogle,0,1
2025-26,37,transfer_out,Ampadu,0,1
2025-26,37,transfer_out,Haaland,1,0
2025-26,37,transfer_out,Mbeumo,0,1
2025-26,37,transfer_out,N.Williams,0,1
2025-26,37,transfer_out,Roefs,0,1
2025-26,37,transfer_out,Diouf,0,1
2025-26,38,captain,Bowen,37,22
2025-26,38,captain,M.Salah,12,14
2025-26,38,captain,B.Fernandes,1,10
2025-26,38,captain,Marmoush,5,4
2025-26,38,captain,Foden,5,4
2025-26,38,captain,Richarlison,0,4
2025-26,38,captain,Palmer,0,2
2025-26,38,captain,Haaland,2,0
2025-26,38,captain,Gyökeres,0,1
2025-26,38,captain,Welbeck,0,1
2025-26,38,captain,Szoboszlai,0,1
2025-26,38,chip_active,None,63,64
2025-26,38,chip_active,WC,0,0
2025-26,38,chip_active,FH,0,0
2025-26,38,chip_active,TC,0,0
2025-26,38,chip_active,BB,0,0
2025-26,38,chips_remaining,No chips,63,64
2025-26,38,chips_remaining,WC,0,0
2025-26,38,chips_remaining,FH,0,0
2025-26,38,chips_remaining,TC,0,0
2025-26,38,chips_remaining,BB,0,0
2025-26,38,fts_used,WC,0,0
2025-26,38,fts_used,FH,0,0
2025-26,38,fts_used,0,2,3
2025-26,38,fts_used,1,34,36
2025-26,38,fts_used,2,26,13
2025-26,38,fts_used,3,1,11
2025-26,38,fts_used,4,0,1
2025-26,38,hits,0,48,34
2025-26,38,hits,-4,15,26
2025-26,38,hits,-8,0,4
2025-26,38,transfer_in,Bowen,59,41
2025-26,38,transfer_in,M.Salah,20,33
2025-26,38,transfer_in,Marmoush,7,9
2025-26,38,transfer_in,Foden,8,7
2025-26,38,transfer_in,Richarlison,0,12
2025-26,38,transfer_in,Pedro Porro,1,9
2025-26,38,transfer_in,Mavropanos,0,3
2025-26,38,transfer_in,Taty,1,1
2025-26,38,transfer_in,Kroupi.Jr,0,1
2025-26,38,transfer_in,Flemming,0,1
2025-26,38,transfer_in,Virgil,0,1
2025-26,38,transfer_in,Szoboszlai,0,1
2025-26,38,transfer_in,Bruno G.,0,1
2025-26,38,transfer_in,Osula,0,1
2025-26,38,transfer_in,Gibbs-White,0,1
2025-26,38,transfer_in,Summerville,1,0
2025-26,38,transfer_out,Haaland,58,53
2025-26,38,transfer_out,Saka,15,23
2025-26,38,transfer_out,Cherki,13,18
2025-26,38,transfer_out,O'Reilly,1,11
2025-26,38,transfer_out,Rice,6,1
2025-26,38,transfer_out,Trossard,1,4
2025-26,38,transfer_out,Gyökeres,2,0
2025-26,38,transfer_out,Rogers,0,2
2025-26,38,transfer_out,Watkins,0,2
2025-26,38,transfer_out,Eze,0,1
2025-26,38,transfer_out,Tavernier,0,1
2025-26,38,transfer_out,Thiago,0,1
2025-26,38,transfer_out,João Pedro,0,1
2025-26,38,transfer_out,Sarr,0,1
2025-26,38,transfer_out,Wilson,0,1
2025-26,38,transfer_out,Gudmundsson,0,1
2025-26,38,transfer_out,Stach,1,0
2025-26,38,transfer_out,Alderete,0,1
