season,gw,pos,player,team,ae64_eo,e64_eo,fpl_id
2025-26,10,D,Gabriel,ARS,97,97,5
2025-26,10,D,Andersen,FUL,92,47,317
2025-26,10,D,Tarkowski,EVE,70,14,291
2025-26,10,D,Virgil,LIV,25,14,373
2025-26,10,D,Lacroix,CRY,28,9,257
2025-26,10,D,Muñoz,CRY,6,28,256
2025-26,10,D,J.Timber,ARS,5,30,8
2025-26,10,D,Richards,CRY,2,23,261
2025-26,10,D,Mukiele,SUN,8,14,694
2025-26,10,D,Gvardiol,MCI,14,5,403
2025-26,10,F,Haaland,MCI,181,195,430
2025-26,10,F,Mateta,CRY,56,81,283
2025-26,10,F,Gyökeres,ARS,67,34,666
2025-26,10,F,Woltemade,NEW,0,11,714
2025-26,10,F,Thiago,BRE,2,5,136
2025-26,10,F,João Pedro,CHE,2,5,249
2025-26,10,F,Calvert-Lewin,LEE,0,5,691
2025-26,10,F,Bowen,WHU,0,5,624
2025-26,10,F,Strand Larsen,WOL,2,2,654
2025-26,10,F,Welbeck,BHA,0,3,178
2025-26,10,G,Raya,ARS,94,58,1
2025-26,10,G,Pope,NEW,0,22,469
2025-26,10,G,Sánchez,CHE,3,11,220
2025-26,10,G,Dúbravka,BUR,0,9,470
2025-26,10,G,Petrović,BOU,3,2,67
2025-26,10,G,Mamardashvili,LIV,0,3,367
2025-26,10,G,Vicario,TOT,0,2,565
2025-26,10,M,B.Fernandes,MUN,100,59,449
2025-26,10,M,Semenyo,BOU,44,92,82
2025-26,10,M,Enzo,CHE,81,55,237
2025-26,10,M,Saka,ARS,33,64,16
2025-26,10,M,Ndiaye,EVE,52,31,299
2025-26,10,M,Sarr,CRY,31,48,267
2025-26,10,M,Minteh,BHA,34,16,160
2025-26,10,M,Reijnders,MCI,27,20,427
2025-26,10,M,Mbeumo,MUN,0,19,119
2025-26,10,M,M.Salah,LIV,17,2,381
2025-26,11,D,Gabriel,ARS,97,100,5
2025-26,11,D,Andersen,FUL,89,39,317
2025-26,11,D,Tarkowski,EVE,67,14,291
2025-26,11,D,Senesi,BOU,28,47,72
2025-26,11,D,J.Timber,ARS,13,36,8
2025-26,11,D,Lacroix,CRY,27,9,257
2025-26,11,D,Muñoz,CRY,6,28,256
2025-26,11,D,Richards,CRY,2,17,261
2025-26,11,D,Keane,EVE,9,8,295
2025-26,11,D,Rodon,LEE,3,11,348
2025-26,11,F,Haaland,MCI,177,188,430
2025-26,11,F,Mateta,CRY,73,94,283
2025-26,11,F,Thiago,BRE,16,11,136
2025-26,11,F,João Pedro,CHE,2,11,249
2025-26,11,F,Woltemade,NEW,0,11,714
2025-26,11,F,Bowen,WHU,0,8,624
2025-26,11,F,Welbeck,BHA,2,3,178
2025-26,11,F,Gyökeres,ARS,0,3,666
2025-26,11,G,Raya,ARS,94,58,1
2025-26,11,G,Pope,NEW,0,20,469
2025-26,11,G,Sánchez,CHE,3,14,220
2025-26,11,G,Dúbravka,BUR,2,16,470
2025-26,11,G,Petrović,BOU,3,0,67
2025-26,11,M,Enzo,CHE,92,73,237
2025-26,11,M,Saka,ARS,86,75,16
2025-26,11,M,B.Fernandes,MUN,100,58,449
2025-26,11,M,Semenyo,BOU,55,91,82
2025-26,11,M,Sarr,CRY,33,58,267
2025-26,11,M,Ndiaye,EVE,45,30,299
2025-26,11,M,Minteh,BHA,36,17,160
2025-26,11,M,Mbeumo,MUN,2,20,119
2025-26,11,M,L.Paquetá,WHU,9,6,612
2025-26,11,M,Reijnders,MCI,8,6,427
2025-26,12,D,Senesi,BOU,84,83,72
2025-26,12,D,Virgil,LIV,77,84,373
2025-26,12,D,Andersen,FUL,83,31,317
2025-26,12,D,Lacroix,CRY,48,14,257
2025-26,12,D,J.Timber,ARS,23,34,8
2025-26,12,D,Muñoz,CRY,14,34,256
2025-26,12,D,Richards,CRY,13,25,261
2025-26,12,D,Truffert,BOU,9,3,74
2025-26,12,D,Rodon,LEE,2,6,348
2025-26,12,D,Gabriel,ARS,0,5,5
2025-26,12,F,Haaland,MCI,98,166,430
2025-26,12,F,Mateta,CRY,73,92,283
2025-26,12,F,Thiago,BRE,13,19,136
2025-26,12,F,João Pedro,CHE,0,8,249
2025-26,12,F,Woltemade,NEW,0,6,714
2025-26,12,F,Welbeck,BHA,3,3,178
2025-26,12,F,Calvert-Lewin,LEE,3,2,691
2025-26,12,F,Kroupi.Jr,BOU,0,2,100
2025-26,12,F,Bowen,WHU,0,2,624
2025-26,12,F,Evanilson,BOU,2,0,97
2025-26,12,G,Raya,ARS,92,58,1
2025-26,12,G,Pope,NEW,0,20,469
2025-26,12,G,Sánchez,CHE,3,14,220
2025-26,12,G,Petrović,BOU,5,3,67
2025-26,12,G,Dúbravka,BUR,5,2,470
2025-26,12,G,Vicario,TOT,0,2,565
2025-26,12,G,Mamardashvili,LIV,0,2,367
2025-26,12,M,B.Fernandes,MUN,136,77,449
2025-26,12,M,Saka,ARS,117,92,16
2025-26,12,M,Enzo,CHE,80,66,237
2025-26,12,M,Semenyo,BOU,55,86,82
2025-26,12,M,Sarr,CRY,33,59,267
2025-26,12,M,Minteh,BHA,47,27,160
2025-26,12,M,Mbeumo,MUN,16,31,119
2025-26,12,M,Ndiaye,EVE,20,13,299
2025-26,12,M,Cunha,MUN,17,9,450
2025-26,12,M,M.Salah,LIV,16,3,381
2025-26,13,D,O'Reilly,MCI,45,67,411
2025-26,13,D,Cash,AVL,42,58,36
2025-26,13,D,Virgil,LIV,55,31,373
2025-26,13,D,Senesi,BOU,55,27,72
2025-26,13,D,Collins,BRE,33,25,106
2025-26,13,D,Muñoz,CRY,8,36,256
2025-26,13,D,Van den Berg,BRE,14,25,113
2025-26,13,D,Lacroix,CRY,28,8,257
2025-26,13,D,Andersen,FUL,27,6,317
2025-26,13,D,Tarkowski,EVE,23,5,291
2025-26,13,F,Haaland,MCI,214,203,430
2025-26,13,F,Thiago,BRE,78,89,136
2025-26,13,F,Mateta,CRY,27,30,283
2025-26,13,F,Welbeck,BHA,2,2,178
2025-26,13,F,Watkins,AVL,0,3,64
2025-26,13,F,Kolo Muani,TOT,0,2,726
2025-26,13,F,Woltemade,NEW,0,2,714
2025-26,13,F,João Pedro,CHE,0,2,249
2025-26,13,G,Martinez,AVL,42,47,32
2025-26,13,G,Raya,ARS,50,20,1
2025-26,13,G,Kelleher,BRE,3,13,101
2025-26,13,G,Petrović,BOU,6,2,67
2025-26,13,G,Pope,NEW,0,5,469
2025-26,13,G,Sánchez,CHE,0,3,220
2025-26,13,G,A.Becker,LIV,0,3,366
2025-26,13,G,Verbruggen,BHA,0,2,139
2025-26,13,G,Sels,NFO,0,2,502
2025-26,13,G,Dúbravka,BUR,0,2,470
2025-26,13,M,Foden,MCI,75,66,414
2025-26,13,M,Schade,BRE,48,64,120
2025-26,13,M,M.Salah,LIV,44,64,381
2025-26,13,M,B.Fernandes,MUN,77,22,449
2025-26,13,M,Rogers,AVL,13,56,47
2025-26,13,M,Saka,ARS,38,20,16
2025-26,13,M,Sarr,CRY,28,27,267
2025-26,13,M,Gakpo,LIV,17,34,384
2025-26,13,M,Minteh,BHA,34,6,160
2025-26,13,M,Ndiaye,EVE,19,9,299
2025-26,14,D,Virgil,LIV,80,86,373
2025-26,14,D,J.Timber,ARS,52,52,8
2025-26,14,D,Lacroix,CRY,63,17,257
2025-26,14,D,Muñoz,CRY,28,39,256
2025-26,14,D,Tarkowski,EVE,41,11,291
2025-26,14,D,Richards,CRY,19,28,261
2025-26,14,D,O'Reilly,MCI,11,20,411
2025-26,14,D,Andersen,FUL,8,20,317
2025-26,14,D,Thiaw,NEW,9,11,684
2025-26,14,D,Keane,EVE,8,8,295
2025-26,14,F,Haaland,MCI,86,152,430
2025-26,14,F,Mateta,CRY,70,88,283
2025-26,14,F,Thiago,BRE,3,11,136
2025-26,14,F,Woltemade,NEW,3,8,714
2025-26,14,F,João Pedro,CHE,0,5,249
2025-26,14,F,Welbeck,BHA,3,3,178
2025-26,14,F,Calvert-Lewin,LEE,3,0,691
2025-26,14,F,Zirkzee,MUN,2,0,466
2025-26,14,F,Gyökeres,ARS,0,2,666
2025-26,14,F,Bowen,WHU,0,2,624
2025-26,14,G,Raya,ARS,86,61,1
2025-26,14,G,Dúbravka,BUR,0,11,470
2025-26,14,G,Sánchez,CHE,2,13,220
2025-26,14,G,Petrović,BOU,6,3,67
2025-26,14,G,A.Becker,LIV,5,3,366
2025-26,14,G,Verbruggen,BHA,2,5,139
2025-26,14,G,Pope,NEW,0,3,469
2025-26,14,G,Mamardashvili,LIV,0,2,367
2025-26,14,M,B.Fernandes,MUN,198,114,449
2025-26,14,M,Saka,ARS,73,73,16
2025-26,14,M,Semenyo,BOU,47,81,82
2025-26,14,M,Minteh,BHA,52,45,160
2025-26,14,M,Enzo,CHE,36,58,237
2025-26,14,M,Anderson,NFO,36,30,517
2025-26,14,M,Mbeumo,MUN,30,34,119
2025-26,14,M,Foden,MCI,25,13,414
2025-26,14,M,Ndiaye,EVE,20,14,299
2025-26,14,M,M.Salah,LIV,17,3,381
2025-26,15,D,Virgil,LIV,75,78,373
2025-26,15,D,Andersen,FUL,84,44,317
2025-26,15,D,J.Timber,ARS,44,50,8
2025-26,15,D,Tarkowski,EVE,52,11,291
2025-26,15,D,Muñoz,CRY,8,39,256
2025-26,15,D,O'Reilly,MCI,19,25,411
2025-26,15,D,Lacroix,CRY,28,8,257
2025-26,15,D,Thiaw,NEW,13,19,684
2025-26,15,D,Richards,CRY,5,22,261
2025-26,15,D,Van Hecke,BHA,13,8,151
2025-26,15,F,Haaland,MCI,202,198,430
2025-26,15,F,Mateta,CRY,31,63,283
2025-26,15,F,Thiago,BRE,41,52,136
2025-26,15,F,Woltemade,NEW,8,16,714
2025-26,15,F,Welbeck,BHA,17,5,178
2025-26,15,F,João Pedro,CHE,0,3,249
2025-26,15,F,Bowen,WHU,0,2,624
2025-26,15,G,Raya,ARS,92,59,1
2025-26,15,G,Verbruggen,BHA,5,16,139
2025-26,15,G,Dúbravka,BUR,2,8,470
2025-26,15,G,Sánchez,CHE,0,6,220
2025-26,15,G,Petrović,BOU,0,3,67
2025-26,15,G,A.Becker,LIV,0,3,366
2025-26,15,G,Kelleher,BRE,2,0,101
2025-26,15,G,Donnarumma,MCI,2,0,736
2025-26,15,G,Pickford,EVE,0,2,287
2025-26,15,G,Sels,NFO,0,2,502
2025-26,15,G,Vicario,TOT,0,2,565
2025-26,15,M,B.Fernandes,MUN,100,75,449
2025-26,15,M,Foden,MCI,81,77,414
2025-26,15,M,Saka,ARS,64,69,16
2025-26,15,M,Minteh,BHA,70,53,160
2025-26,15,M,Semenyo,BOU,22,41,82
2025-26,15,M,Mbeumo,MUN,19,30,119
2025-26,15,M,Enzo,CHE,16,30,237
2025-26,15,M,Anderson,NFO,16,22,517
2025-26,15,M,Ndiaye,EVE,22,11,299
2025-26,15,M,Cunha,MUN,17,8,450
2025-26,16,D,Andersen,FUL,100,67,317
2025-26,16,D,Virgil,LIV,55,63,373
2025-26,16,D,J.Timber,ARS,44,55,8
2025-26,16,D,Hincapie,ARS,50,27,725
2025-26,16,D,O'Reilly,MCI,14,34,411
2025-26,16,D,Van den Berg,BRE,23,13,113
2025-26,16,D,Tarkowski,EVE,11,5,291
2025-26,16,D,Collins,BRE,9,5,106
2025-26,16,D,White,ARS,9,5,11
2025-26,16,D,Lewis-Skelly,ARS,5,6,10
2025-26,16,F,Haaland,MCI,100,103,430
2025-26,16,F,Thiago,BRE,95,100,136
2025-26,16,F,Ekitiké,LIV,0,13,661
2025-26,16,F,Raúl,FUL,3,5,337
2025-26,16,F,Mateta,CRY,2,3,283
2025-26,16,F,Bowen,WHU,0,5,624
2025-26,16,F,Welbeck,BHA,3,0,178
2025-26,16,F,Calvert-Lewin,LEE,3,0,691
2025-26,16,F,Woltemade,NEW,0,3,714
2025-26,16,F,João Pedro,CHE,0,2,249
2025-26,16,G,Raya,ARS,77,63,1
2025-26,16,G,Dúbravka,BUR,3,19,470
2025-26,16,G,Leno,FUL,17,5,314
2025-26,16,G,Sánchez,CHE,0,8,220
2025-26,16,G,Kelleher,BRE,5,2,101
2025-26,16,G,A.Becker,LIV,0,3,366
2025-26,16,G,Sels,NFO,0,2,502
2025-26,16,G,Vicario,TOT,0,2,565
2025-26,16,M,Saka,ARS,181,188,16
2025-26,16,M,B.Fernandes,MUN,109,89,449
2025-26,16,M,Foden,MCI,63,86,414
2025-26,16,M,Szoboszlai,LIV,63,27,387
2025-26,16,M,Anderson,NFO,20,30,517
2025-26,16,M,Semenyo,BOU,14,28,82
2025-26,16,M,Minteh,BHA,25,17,160
2025-26,16,M,Mbeumo,MUN,30,11,119
2025-26,16,M,O.Dango,BRE,20,6,83
2025-26,16,M,Cunha,MUN,16,9,450
2025-26,17,D,J.Timber,ARS,52,55,8
2025-26,17,D,Virgil,LIV,53,52,373
2025-26,17,D,Andersen,FUL,50,52,317
2025-26,17,D,O'Reilly,MCI,27,53,411
2025-26,17,D,Senesi,BOU,34,31,72
2025-26,17,D,Hincapie,ARS,30,25,725
2025-26,17,D,Lacroix,CRY,36,9,257
2025-26,17,D,Van den Berg,BRE,23,8,113
2025-26,17,D,Van Hecke,BHA,13,8,151
2025-26,17,D,Richards,CRY,6,9,261
2025-26,17,F,Haaland,MCI,258,233,430
2025-26,17,F,Thiago,BRE,81,95,136
2025-26,17,F,Mateta,CRY,11,6,283
2025-26,17,F,Ekitiké,LIV,2,16,661
2025-26,17,F,Calvert-Lewin,LEE,6,2,691
2025-26,17,F,Raúl,FUL,3,3,337
2025-26,17,F,Evanilson,BOU,3,2,97
2025-26,17,F,João Pedro,CHE,0,2,249
2025-26,17,F,Bowen,WHU,0,2,624
2025-26,17,G,Raya,ARS,89,66,1
2025-26,17,G,Verbruggen,BHA,6,16,139
2025-26,17,G,Petrović,BOU,3,5,67
2025-26,17,G,Kelleher,BRE,6,2,101
2025-26,17,G,Sánchez,CHE,0,6,220
2025-26,17,G,Dúbravka,BUR,2,3,470
2025-26,17,G,A.Becker,LIV,0,3,366
2025-26,17,G,Sels,NFO,0,2,502
2025-26,17,G,Vicario,TOT,0,2,565
2025-26,17,M,Foden,MCI,95,95,414
2025-26,17,M,B.Fernandes,MUN,98,89,449
2025-26,17,M,Saka,ARS,63,89,16
2025-26,17,M,Semenyo,BOU,44,53,82
2025-26,17,M,Minteh,BHA,50,31,160
2025-26,17,M,Szoboszlai,LIV,39,22,387
2025-26,17,M,Wilson,FUL,2,33,329
2025-26,17,M,Cunha,MUN,16,8,450
2025-26,17,M,Cherki,MCI,11,9,417
2025-26,17,M,Schade,BRE,13,2,120
2025-26,18,D,Virgil,LIV,88,67,373
2025-26,18,D,J.Timber,ARS,58,58,8
2025-26,18,D,Andersen,FUL,59,47,317
2025-26,18,D,O'Reilly,MCI,28,53,411
2025-26,18,D,Tarkowski,EVE,55,9,291
2025-26,18,D,Lacroix,CRY,44,13,257
2025-26,18,D,Keane,EVE,14,28,295
2025-26,18,D,Hincapie,ARS,11,16,725
2025-26,18,D,Mukiele,SUN,11,14,694
2025-26,18,D,Alderete,SUN,5,17,683
2025-26,18,F,Haaland,MCI,200,183,430
2025-26,18,F,Ekitiké,LIV,34,98,661
2025-26,18,F,Thiago,BRE,77,42,136
2025-26,18,F,Bowen,WHU,2,11,624
2025-26,18,F,Calvert-Lewin,LEE,5,0,691
2025-26,18,F,Raúl,FUL,3,2,337
2025-26,18,F,Kroupi.Jr,BOU,0,2,100
2025-26,18,F,Mateta,CRY,0,2,283
2025-26,18,F,Woltemade,NEW,0,2,714
2025-26,18,G,Raya,ARS,92,64,1
2025-26,18,G,Dúbravka,BUR,3,27,470
2025-26,18,G,Kelleher,BRE,5,2,101
2025-26,18,G,Petrović,BOU,2,2,67
2025-26,18,G,Verbruggen,BHA,0,3,139
2025-26,18,G,Sánchez,CHE,0,3,220
2025-26,18,G,A.Becker,LIV,0,3,366
2025-26,18,G,Pickford,EVE,0,2,287
2025-26,18,G,Sels,NFO,0,2,502
2025-26,18,G,Roefs,SUN,0,2,670
2025-26,18,G,Vicario,TOT,0,2,565
2025-26,18,M,Foden,MCI,91,94,414
2025-26,18,M,Cunha,MUN,100,80,450
2025-26,18,M,Saka,ARS,66,75,16
2025-26,18,M,Semenyo,BOU,25,47,82
2025-26,18,M,Wirtz,LIV,22,17,382
2025-26,18,M,Wilson,FUL,0,30,329
2025-26,18,M,E.Le Fée,SUN,13,9,547
2025-26,18,M,Rice,ARS,3,17,21
2025-26,18,M,Schade,BRE,16,2,120
2025-26,18,M,Anderson,NFO,9,8,517
2025-26,19,D,Virgil,LIV,88,64,373
2025-26,19,D,J.Timber,ARS,44,42,8
2025-26,19,D,O'Reilly,MCI,28,44,411
2025-26,19,D,Hall,NEW,36,20,473
2025-26,19,D,Lacroix,CRY,42,11,257
2025-26,19,D,Tarkowski,EVE,36,8,291
2025-26,19,D,Andersen,FUL,11,30,317
2025-26,19,D,Dorgu,MUN,11,27,441
2025-26,19,D,Gabriel,ARS,19,6,5
2025-26,19,D,Thiaw,NEW,6,14,684
2025-26,19,F,Haaland,MCI,113,180,430
2025-26,19,F,Ekitiké,LIV,34,91,661
2025-26,19,F,Thiago,BRE,75,33,136
2025-26,19,F,Bowen,WHU,2,9,624
2025-26,19,F,Woltemade,NEW,0,3,714
2025-26,19,F,João Pedro,CHE,0,2,249
2025-26,19,F,Mateta,CRY,0,2,283
2025-26,19,G,Raya,ARS,92,63,1
2025-26,19,G,Verbruggen,BHA,3,17,139
2025-26,19,G,Dúbravka,BUR,2,6,470
2025-26,19,G,Kelleher,BRE,5,2,101
2025-26,19,G,Sánchez,CHE,0,3,220
2025-26,19,G,Lammens,MUN,0,3,733
2025-26,19,G,John,NFO,0,3,715
2025-26,19,G,Donnarumma,MCI,0,2,736
2025-26,19,G,Vicario,TOT,0,2,565
2025-26,19,M,Cunha,MUN,189,106,450
2025-26,19,M,Foden,MCI,92,92,414
2025-26,19,M,Saka,ARS,66,70,16
2025-26,19,M,Szoboszlai,LIV,88,28,387
2025-26,19,M,Minteh,BHA,27,19,160
2025-26,19,M,Anderson,NFO,25,16,517
2025-26,19,M,Wirtz,LIV,14,20,382
2025-26,19,M,Gordon,NEW,6,27,485
2025-26,19,M,Wilson,FUL,0,22,329
2025-26,19,M,Semenyo,BOU,2,17,82
2025-26,19,M,Schade,BRE,16,3,120
2025-26,20,D,Virgil,LIV,81,45,373
2025-26,20,D,Gabriel,ARS,48,63,5
2025-26,20,D,J.Timber,ARS,41,47,8
2025-26,20,D,Tarkowski,EVE,56,17,291
2025-26,20,D,Hall,NEW,36,14,473
2025-26,20,D,Andersen,FUL,19,23,317
2025-26,20,D,O'Reilly,MCI,13,30,411
2025-26,20,D,Thiaw,NEW,8,19,684
2025-26,20,D,Dorgu,MUN,6,19,441
2025-26,20,D,Van Hecke,BHA,13,8,151
2025-26,20,F,Haaland,MCI,198,197,430
2025-26,20,F,Ekitiké,LIV,33,81,661
2025-26,20,F,Thiago,BRE,58,36,136
2025-26,20,F,Bowen,WHU,2,14,624
2025-26,20,F,Calvert-Lewin,LEE,3,0,691
2025-26,20,F,Mateta,CRY,0,2,283
2025-26,20,F,Woltemade,NEW,0,2,714
2025-26,20,G,Raya,ARS,92,61,1
2025-26,20,G,Verbruggen,BHA,6,20,139
2025-26,20,G,Dúbravka,BUR,0,6,470
2025-26,20,G,Sánchez,CHE,0,5,220
2025-26,20,G,Kelleher,BRE,2,2,101
2025-26,20,G,Roefs,SUN,0,3,670
2025-26,20,G,A.Becker,LIV,0,2,366
2025-26,20,G,Vicario,TOT,0,2,565
2025-26,20,M,Cunha,MUN,102,84,450
2025-26,20,M,Foden,MCI,92,94,414
2025-26,20,M,Saka,ARS,67,73,16
2025-26,20,M,Szoboszlai,LIV,88,30,387
2025-26,20,M,Minteh,BHA,14,9,160
2025-26,20,M,Anderson,NFO,25,13,517
2025-26,20,M,Cherki,MCI,11,17,417
2025-26,20,M,Gordon,NEW,16,23,485
2025-26,20,M,Wilson,FUL,0,23,329
2025-26,20,M,Schade,BRE,16,3,120
2025-26,20,M,Rogers,AVL,0,19,47
2025-26,21,D,Gabriel,ARS,53,80,5
2025-26,21,D,J.Timber,ARS,36,41,8
2025-26,21,D,Tarkowski,EVE,56,19,291
2025-26,21,D,Andersen,FUL,42,33,317
2025-26,21,D,O'Reilly,MCI,19,36,411
2025-26,21,D,Hall,NEW,36,14,473
2025-26,21,D,Keane,EVE,13,34,295
2025-26,21,D,Lacroix,CRY,33,3,257
2025-26,21,D,Thiaw,NEW,8,22,684
2025-26,21,D,Dorgu,MUN,11,17,441
2025-26,21,F,Haaland,MCI,200,197,430
2025-26,21,F,Thiago,BRE,77,48,136
2025-26,21,F,Bowen,WHU,2,14,624
2025-26,21,F,Calvert-Lewin,LEE,5,0,691
2025-26,21,F,Watkins,AVL,0,3,64
2025-26,21,F,Kroupi.Jr,BOU,2,2,100
2025-26,21,F,Mateta,CRY,0,2,283
2025-26,21,F,Raúl,FUL,2,0,337
2025-26,21,F,Mané,WOL,0,2,749
2025-26,21,G,Raya,ARS,92,53,1
2025-26,21,G,Dúbravka,BUR,2,31,470
2025-26,21,G,Kelleher,BRE,5,3,101
2025-26,21,G,Petrović,BOU,2,2,67
2025-26,21,G,Roefs,SUN,0,3,670
2025-26,21,G,Pickford,EVE,0,2,287
2025-26,21,G,A.Becker,LIV,0,2,366
2025-26,21,G,Pope,NEW,0,2,469
2025-26,21,G,Sels,NFO,0,2,502
2025-26,21,G,Vicario,TOT,0,2,565
2025-26,21,M,Foden,MCI,92,94,414
2025-26,21,M,Cunha,MUN,100,84,450
2025-26,21,M,Saka,ARS,69,70,16
2025-26,21,M,Szoboszlai,LIV,69,27,387
2025-26,21,M,Anderson,NFO,36,20,517
2025-26,21,M,Gordon,NEW,16,23,485
2025-26,21,M,Wilson,FUL,0,31,329
2025-26,21,M,Cherki,MCI,11,17,417
2025-26,21,M,E.Le Fée,SUN,13,13,547
2025-26,21,M,Rogers,AVL,0,23,47
2025-26,21,M,Tavernier,BOU,20,3,84
2025-26,22,D,Gabriel,ARS,86,92,5
2025-26,22,D,Virgil,LIV,86,31,373
2025-26,22,D,J.Timber,ARS,33,41,8
2025-26,22,D,Hall,NEW,34,14,473
2025-26,22,D,Andersen,FUL,28,17,317
2025-26,22,D,Mukiele,SUN,19,23,694
2025-26,22,D,Lacroix,CRY,31,3,257
2025-26,22,D,Alderete,SUN,5,25,683
2025-26,22,D,Thiaw,NEW,5,22,684
2025-26,22,D,O'Reilly,MCI,2,16,411
2025-26,22,F,Haaland,MCI,198,188,430
2025-26,22,F,Thiago,BRE,73,48,136
2025-26,22,F,Ekitiké,LIV,30,75,661
2025-26,22,F,Bowen,WHU,2,14,624
2025-26,22,F,Watkins,AVL,0,3,64
2025-26,22,F,Calvert-Lewin,LEE,3,0,691
2025-26,22,F,Kroupi.Jr,BOU,0,2,100
2025-26,22,F,Mateta,CRY,0,2,283
2025-26,22,F,Raúl,FUL,2,0,337
2025-26,22,F,Mané,WOL,0,2,749
2025-26,22,G,Raya,ARS,92,55,1
2025-26,22,G,Verbruggen,BHA,6,20,139
2025-26,22,G,Sánchez,CHE,0,8,220
2025-26,22,G,Petrović,BOU,0,3,67
2025-26,22,G,Kelleher,BRE,0,3,101
2025-26,22,G,A.Becker,LIV,2,2,366
2025-26,22,G,Roefs,SUN,0,3,670
2025-26,22,G,Pickford,EVE,0,2,287
2025-26,22,G,Pope,NEW,0,2,469
2025-26,22,G,Sels,NFO,0,2,502
2025-26,22,G,Vicario,TOT,0,2,565
2025-26,22,M,Foden,MCI,91,94,414
2025-26,22,M,Saka,ARS,72,70,16
2025-26,22,M,Szoboszlai,LIV,91,28,387
2025-26,22,M,Tavernier,BOU,78,22,84
2025-26,22,M,Enzo,CHE,25,29,237
2025-26,22,M,Rogers,AVL,0,41,47
2025-26,22,M,Gordon,NEW,16,23,485
2025-26,22,M,Wilson,FUL,0,31,329
2025-26,22,M,B.Fernandes,MUN,20,11,449
2025-26,22,M,E.Le Fée,SUN,11,11,547
2025-26,22,M,Rice,ARS,2,19,21
2025-26,23,D,Gabriel,ARS,84,92,5
2025-26,23,D,Virgil,LIV,81,28,373
2025-26,23,D,Andersen,FUL,45,39,317
2025-26,23,D,J.Timber,ARS,33,41,8
2025-26,23,D,Tarkowski,EVE,44,17,291
2025-26,23,D,Hall,NEW,33,11,473
2025-26,23,D,O'Reilly,MCI,13,28,411
2025-26,23,D,Mukiele,SUN,14,23,694
2025-26,23,D,Collins,BRE,14,6,106
2025-26,23,D,Thiaw,NEW,3,14,684
2025-26,23,D,Alderete,SUN,2,16,683
2025-26,23,F,Haaland,MCI,83,109,430
2025-26,23,F,Thiago,BRE,95,78,136
2025-26,23,F,Ekitiké,LIV,34,75,661
2025-26,23,F,Bowen,WHU,2,16,624
2025-26,23,F,Watkins,AVL,8,3,64
2025-26,23,F,Kroupi.Jr,BOU,3,5,100
2025-26,23,F,Calvert-Lewin,LEE,3,0,691
2025-26,23,F,Evanilson,BOU,2,0,97
2025-26,23,F,Raúl,FUL,2,0,337
2025-26,23,G,Raya,ARS,89,56,1
2025-26,23,G,Dúbravka,BUR,0,17,470
2025-26,23,G,Sánchez,CHE,0,9,220
2025-26,23,G,Verbruggen,BHA,3,5,139
2025-26,23,G,Kelleher,BRE,3,3,101
2025-26,23,G,Vicario,TOT,3,2,565
2025-26,23,G,Roefs,SUN,0,3,670
2025-26,23,G,Pickford,EVE,0,2,287
2025-26,23,G,A.Becker,LIV,2,0,366
2025-26,23,G,Pope,NEW,0,2,469
2025-26,23,G,Sels,NFO,0,2,502
2025-26,23,M,Saka,ARS,119,84,16
2025-26,23,M,B.Fernandes,MUN,75,69,449
2025-26,23,M,Szoboszlai,LIV,84,22,387
2025-26,23,M,Enzo,CHE,34,41,237
2025-26,23,M,Anderson,NFO,36,16,517
2025-26,23,M,Foden,MCI,20,25,414
2025-26,23,M,Rogers,AVL,0,36,47
2025-26,23,M,Gordon,NEW,14,22,485
2025-26,23,M,Semenyo,MCI,9,25,82
2025-26,23,M,Wilson,FUL,0,33,329
2025-26,24,D,Gabriel,ARS,84,92,5
2025-26,24,D,Virgil,LIV,86,22,373
2025-26,24,D,J.Timber,ARS,36,42,8
2025-26,24,D,Mukiele,SUN,25,33,694
2025-26,24,D,Alderete,SUN,13,28,683
2025-26,24,D,Tarkowski,EVE,23,13,291
2025-26,24,D,Senesi,BOU,11,13,72
2025-26,24,D,Lacroix,CRY,20,3,257
2025-26,24,D,Chalobah,CHE,2,17,226
2025-26,24,D,O'Reilly,MCI,3,14,411
2025-26,24,D,Van Hecke,BHA,9,6,151
2025-26,24,F,Haaland,MCI,92,113,430
2025-26,24,F,Thiago,BRE,80,47,136
2025-26,24,F,Ekitiké,LIV,23,53,661
2025-26,24,F,Kroupi.Jr,BOU,8,8,100
2025-26,24,F,Bowen,WHU,3,11,624
2025-26,24,F,Evanilson,BOU,5,6,97
2025-26,24,F,João Pedro,CHE,0,6,249
2025-26,24,F,Calvert-Lewin,LEE,5,0,691
2025-26,24,F,Watkins,AVL,0,2,64
2025-26,24,F,Raúl,FUL,2,0,337
2025-26,24,F,Mané,WOL,0,2,749
2025-26,24,G,Raya,ARS,92,53,1
2025-26,24,G,Verbruggen,BHA,6,19,139
2025-26,24,G,Sánchez,CHE,0,11,220
2025-26,24,G,Dúbravka,BUR,0,5,470
2025-26,24,G,Pickford,EVE,0,3,287
2025-26,24,G,Roefs,SUN,0,3,670
2025-26,24,G,Petrović,BOU,0,2,67
2025-26,24,G,Kelleher,BRE,0,2,101
2025-26,24,G,A.Becker,LIV,2,0,366
2025-26,24,G,Sels,NFO,0,2,502
2025-26,24,G,Vicario,TOT,0,2,565
2025-26,24,M,B.Fernandes,MUN,200,183,449
2025-26,24,M,Saka,ARS,73,56,16
2025-26,24,M,Enzo,CHE,53,72,237
2025-26,24,M,Szoboszlai,LIV,75,17,387
2025-26,24,M,Anderson,NFO,55,23,517
2025-26,24,M,Mbeumo,MUN,27,22,119
2025-26,24,M,Rogers,AVL,0,44,47
2025-26,24,M,Rice,ARS,3,33,21
2025-26,24,M,E.Le Fée,SUN,16,14,547
2025-26,24,M,Ndiaye,EVE,19,5,299
2025-26,24,M,Wilson,FUL,0,20,329
2025-26,25,D,Gabriel,ARS,98,100,5
2025-26,25,D,Andersen,FUL,78,53,317
2025-26,25,D,J.Timber,ARS,50,53,8
2025-26,25,D,Tarkowski,EVE,38,17,291
2025-26,25,D,Virgil,LIV,23,9,373
2025-26,25,D,Hall,NEW,19,13,473
2025-26,25,D,Senesi,BOU,11,11,72
2025-26,25,D,Chalobah,CHE,3,19,226
2025-26,25,D,Rodon,LEE,6,11,348
2025-26,25,D,Collins,BRE,8,2,106
2025-26,25,F,Haaland,MCI,92,100,430
2025-26,25,F,Thiago,BRE,81,45,136
2025-26,25,F,Ekitiké,LIV,25,53,661
2025-26,25,F,Bowen,WHU,5,13,624
2025-26,25,F,Evanilson,BOU,5,8,97
2025-26,25,F,João Pedro,CHE,0,8,249
2025-26,25,F,Kroupi.Jr,BOU,3,3,100
2025-26,25,F,Calvert-Lewin,LEE,6,0,691
2025-26,25,F,Raúl,FUL,3,0,337
2025-26,25,F,Mané,WOL,0,2,749
2025-26,25,G,Raya,ARS,94,55,1
2025-26,25,G,Verbruggen,BHA,6,17,139
2025-26,25,G,Dúbravka,BUR,0,13,470
2025-26,25,G,Sánchez,CHE,0,11,220
2025-26,25,G,Pickford,EVE,0,3,287
2025-26,25,G,Martinez,AVL,0,2,32
2025-26,25,G,Vicario,TOT,0,2,565
2025-26,25,M,B.Fernandes,MUN,197,195,449
2025-26,25,M,Rice,ARS,58,78,21
2025-26,25,M,Enzo,CHE,56,77,237
2025-26,25,M,Anderson,NFO,56,25,517
2025-26,25,M,Mbeumo,MUN,38,42,119
2025-26,25,M,Szoboszlai,LIV,55,14,387
2025-26,25,M,Rogers,AVL,0,41,47
2025-26,25,M,Palmer,CHE,19,9,235
2025-26,25,M,Ndiaye,EVE,22,5,299
2025-26,25,M,Wilson,FUL,0,27,329
2025-26,26,D,Gabriel,ARS,247,277,5
2025-26,26,D,J.Timber,ARS,53,61,8
2025-26,26,D,Virgil,LIV,83,24,373
2025-26,26,D,Muñoz,CRY,30,31,256
2025-26,26,D,Tarkowski,EVE,31,14,291
2025-26,26,D,Lacroix,CRY,31,3,257
2025-26,26,D,Richards,CRY,9,20,261
2025-26,26,D,Senesi,BOU,13,16,72
2025-26,26,D,Chalobah,CHE,3,16,226
2025-26,26,D,O'Reilly,MCI,5,11,411
2025-26,26,F,Haaland,MCI,92,98,430
2025-26,26,F,Thiago,BRE,66,34,136
2025-26,26,F,Ekitiké,LIV,25,50,661
2025-26,26,F,Mané,WOL,8,13,749
2025-26,26,F,Bowen,WHU,5,8,624
2025-26,26,F,Evanilson,BOU,5,6,97
2025-26,26,F,João Pedro,CHE,0,9,249
2025-26,26,F,Kroupi.Jr,BOU,5,3,100
2025-26,26,F,Strand Larsen,CRY,0,5,654
2025-26,26,F,Armstrong,WOL,5,0,817
2025-26,26,G,Raya,ARS,94,56,1
2025-26,26,G,Verbruggen,BHA,3,13,139
2025-26,26,G,Sánchez,CHE,0,11,220
2025-26,26,G,José Sá,WOL,3,5,628
2025-26,26,G,Dúbravka,BUR,0,6,470
2025-26,26,G,Petrović,BOU,0,3,67
2025-26,26,G,Pickford,EVE,0,3,287
2025-26,26,G,Roefs,SUN,0,3,670
2025-26,26,G,Martinez,AVL,0,2,32
2025-26,26,G,Vicario,TOT,0,2,565
2025-26,26,M,B.Fernandes,MUN,100,98,449
2025-26,26,M,Rice,ARS,64,88,21
2025-26,26,M,Enzo,CHE,56,77,237
2025-26,26,M,Anderson,NFO,58,27,517
2025-26,26,M,Mbeumo,MUN,38,42,119
2025-26,26,M,Rogers,AVL,0,42,47
2025-26,26,M,Sarr,CRY,28,13,267
2025-26,26,M,Palmer,CHE,19,9,235
2025-26,26,M,Ndiaye,EVE,22,5,299
2025-26,26,M,Semenyo,MCI,3,16,82
2025-26,27,D,Gabriel,ARS,98,100,5
2025-26,27,D,Virgil,LIV,83,25,373
2025-26,27,D,Andersen,FUL,59,27,317
2025-26,27,D,J.Timber,ARS,42,34,8
2025-26,27,D,Muñoz,CRY,30,31,256
2025-26,27,D,Richards,CRY,9,19,261
2025-26,27,D,Chalobah,CHE,3,17,226
2025-26,27,D,Mukiele,SUN,5,16,694
2025-26,27,D,Lacroix,CRY,19,0,257
2025-26,27,D,Alderete,SUN,0,16,683
2025-26,27,F,Haaland,MCI,173,181,430
2025-26,27,F,Thiago,BRE,86,72,136
2025-26,27,F,Ekitiké,LIV,23,48,661
2025-26,27,F,Bowen,WHU,5,8,624
2025-26,27,F,João Pedro,CHE,0,11,249
2025-26,27,F,Watkins,AVL,2,2,64
2025-26,27,F,Evanilson,BOU,3,0,97
2025-26,27,F,Strand Larsen,CRY,0,3,654
2025-26,27,F,Calvert-Lewin,LEE,2,0,691
2025-26,27,G,Raya,ARS,94,55,1
2025-26,27,G,Verbruggen,BHA,3,17,139
2025-26,27,G,Sánchez,CHE,0,11,220
2025-26,27,G,Kelleher,BRE,3,5,101
2025-26,27,G,Petrović,BOU,0,3,67
2025-26,27,G,Pickford,EVE,0,3,287
2025-26,27,G,Roefs,SUN,0,3,670
2025-26,27,G,Martinez,AVL,0,2,32
2025-26,27,G,Vicario,TOT,0,2,565
2025-26,27,M,B.Fernandes,MUN,100,98,449
2025-26,27,M,Enzo,CHE,56,77,237
2025-26,27,M,Rice,ARS,56,69,21
2025-26,27,M,Mbeumo,MUN,38,41,119
2025-26,27,M,Szoboszlai,LIV,47,14,387
2025-26,27,M,Palmer,CHE,38,22,235
2025-26,27,M,Rogers,AVL,0,42,47
2025-26,27,M,Sarr,CRY,28,14,267
2025-26,27,M,Anderson,NFO,23,9,517
2025-26,27,M,O.Dango,BRE,20,8,83
2025-26,28,D,Gabriel,ARS,98,97,5
2025-26,28,D,Virgil,LIV,92,61,373
2025-26,28,D,Andersen,FUL,73,34,317
2025-26,28,D,J.Timber,ARS,45,30,8
2025-26,28,D,Senesi,BOU,19,14,72
2025-26,28,D,Hill,BOU,2,25,77
2025-26,28,D,Hall,NEW,14,9,473
2025-26,28,D,O'Reilly,MCI,5,19,411
2025-26,28,D,Thiaw,NEW,6,6,684
2025-26,28,D,Collins,BRE,2,3,106
2025-26,28,F,Haaland,MCI,92,138,430
2025-26,28,F,Thiago,BRE,97,92,136
2025-26,28,F,Ekitiké,LIV,33,64,661
2025-26,28,F,Bowen,WHU,3,3,624
2025-26,28,F,João Pedro,CHE,0,3,249
2025-26,28,F,Evanilson,BOU,3,0,97
2025-26,28,F,Raúl,FUL,3,0,337
2025-26,28,F,Kroupi.Jr,BOU,0,2,100
2025-26,28,F,Calvert-Lewin,LEE,2,0,691
2025-26,28,F,Mané,WOL,0,2,749
2025-26,28,G,Raya,ARS,94,53,1
2025-26,28,G,Verbruggen,BHA,3,17,139
2025-26,28,G,Dúbravka,BUR,0,16,470
2025-26,28,G,Kelleher,BRE,3,6,101
2025-26,28,G,Petrović,BOU,0,3,67
2025-26,28,G,Pickford,EVE,0,3,287
2025-26,28,G,Martinez,AVL,0,2,32
2025-26,28,G,Roefs,SUN,0,2,670
2025-26,28,M,B.Fernandes,MUN,184,153,449
2025-26,28,M,O.Dango,BRE,64,52,83
2025-26,28,M,Rice,ARS,47,41,21
2025-26,28,M,Szoboszlai,LIV,61,24,387
2025-26,28,M,Mbeumo,MUN,38,42,119
2025-26,28,M,Wilson,FUL,19,52,329
2025-26,28,M,Anderson,NFO,25,19,517
2025-26,28,M,Rogers,AVL,0,42,47
2025-26,28,M,M.Salah,LIV,25,5,381
2025-26,28,M,Semenyo,MCI,3,22,82
2025-26,29,D,Gabriel,ARS,98,98,5
2025-26,29,D,Virgil,LIV,95,63,373
2025-26,29,D,Andersen,FUL,59,44,317
2025-26,29,D,J.Timber,ARS,46,33,8
2025-26,29,D,Tarkowski,EVE,33,8,291
2025-26,29,D,O'Reilly,MCI,2,19,411
2025-26,29,D,Senesi,BOU,6,9,72
2025-26,29,D,Hill,BOU,0,13,77
2025-26,29,D,Muñoz,CRY,5,8,256
2025-26,29,D,Struijk,LEE,3,2,343
2025-26,29,F,Haaland,MCI,148,175,430
2025-26,29,F,Thiago,BRE,97,92,136
2025-26,29,F,Ekitiké,LIV,33,72,661
2025-26,29,F,Calvert-Lewin,LEE,19,2,691
2025-26,29,F,Bowen,WHU,5,3,624
2025-26,29,F,João Pedro,CHE,0,6,249
2025-26,29,F,Raúl,FUL,3,0,337
2025-26,29,G,Raya,ARS,94,53,1
2025-26,29,G,Verbruggen,BHA,3,13,139
2025-26,29,G,Kelleher,BRE,3,6,101
2025-26,29,G,Sánchez,CHE,0,9,220
2025-26,29,G,Dúbravka,BUR,0,8,470
2025-26,29,G,Pickford,EVE,0,3,287
2025-26,29,G,Roefs,SUN,0,3,670
2025-26,29,G,Martinez,AVL,0,2,32
2025-26,29,G,Petrović,BOU,0,2,67
2025-26,29,G,Vicario,TOT,0,2,565
2025-26,29,M,B.Fernandes,MUN,106,108,449
2025-26,29,M,O.Dango,BRE,56,45,83
2025-26,29,M,Szoboszlai,LIV,67,23,387
2025-26,29,M,Mbeumo,MUN,38,42,119
2025-26,29,M,Rice,ARS,29,31,21
2025-26,29,M,Wilson,FUL,11,45,329
2025-26,29,M,Ndiaye,EVE,40,11,299
2025-26,29,M,M.Salah,LIV,41,5,381
2025-26,29,M,Tavernier,BOU,27,14,84
2025-26,29,M,Rogers,AVL,0,33,47
2025-26,29,M,Semenyo,MCI,3,27,82
2025-26,30,D,Gabriel,ARS,98,98,5
2025-26,30,D,Virgil,LIV,95,70,373
2025-26,30,D,J.Timber,ARS,46,38,8
2025-26,30,D,Senesi,BOU,24,19,72
2025-26,30,D,Hill,BOU,2,28,77
2025-26,30,D,Muñoz,CRY,18,11,256
2025-26,30,D,Alderete,SUN,5,13,683
2025-26,30,D,Richards,CRY,3,11,261
2025-26,30,D,Collins,BRE,3,3,106
2025-26,30,D,Tarkowski,EVE,6,0,291
2025-26,30,F,Thiago,BRE,97,98,136
2025-26,30,F,Haaland,MCI,56,81,430
2025-26,30,F,Ekitiké,LIV,38,84,661
2025-26,30,F,João Pedro,CHE,13,16,249
2025-26,30,F,Calvert-Lewin,LEE,10,3,691
2025-26,30,F,Bowen,WHU,8,3,624
2025-26,30,F,Evanilson,BOU,5,0,97
2025-26,30,F,Kroupi.Jr,BOU,2,3,100
2025-26,30,F,Raúl,FUL,2,0,337
2025-26,30,G,Raya,ARS,94,55,1
2025-26,30,G,Verbruggen,BHA,3,17,139
2025-26,30,G,Kelleher,BRE,3,8,101
2025-26,30,G,Dúbravka,BUR,0,11,470
2025-26,30,G,Petrović,BOU,0,3,67
2025-26,30,G,Martinez,AVL,0,2,32
2025-26,30,G,Pickford,EVE,0,2,287
2025-26,30,G,Darlow,LEE,0,2,341
2025-26,30,G,José Sá,WOL,0,2,628
2025-26,30,M,B.Fernandes,MUN,156,172,449
2025-26,30,M,M.Salah,LIV,91,30,381
2025-26,30,M,O.Dango,BRE,65,50,83
2025-26,30,M,Szoboszlai,LIV,65,23,387
2025-26,30,M,Mbeumo,MUN,35,41,119
2025-26,30,M,Tavernier,BOU,41,22,84
2025-26,30,M,Anderson,NFO,37,27,517
2025-26,30,M,Rice,ARS,24,27,21
2025-26,30,M,Enzo,CHE,19,13,237
2025-26,30,M,Rogers,AVL,0,22,47
2025-26,30,M,Semenyo,MCI,2,20,82
2025-26,31,D,Andersen,FUL,95,70,317
2025-26,31,D,Virgil,LIV,94,70,373
2025-26,31,D,Thiaw,NEW,37,42,684
2025-26,31,D,Hall,NEW,32,17,473
2025-26,31,D,Senesi,BOU,21,17,72
2025-26,31,D,Gabriel,ARS,8,19,5
2025-26,31,D,Hill,BOU,0,27,77
2025-26,31,D,Alderete,SUN,3,16,683
2025-26,31,D,Rodon,LEE,5,13,348
2025-26,31,D,Collins,BRE,5,2,106
2025-26,31,F,Thiago,BRE,95,97,136
2025-26,31,F,Ekitiké,LIV,38,75,661
2025-26,31,F,João Pedro,CHE,14,17,249
2025-26,31,F,Calvert-Lewin,LEE,25,5,691
2025-26,31,F,Haaland,MCI,5,16,430
2025-26,31,F,Bowen,WHU,11,5,624
2025-26,31,F,Kroupi.Jr,BOU,5,3,100
2025-26,31,F,Raúl,FUL,3,2,337
2025-26,31,F,Evanilson,BOU,3,0,97
2025-26,31,F,Richarlison,TOT,0,3,597
2025-26,31,G,Dúbravka,BUR,84,53,470
2025-26,31,G,Verbruggen,BHA,2,16,139
2025-26,31,G,Kelleher,BRE,3,8,101
2025-26,31,G,Raya,ARS,3,6,1
2025-26,31,G,Petrović,BOU,5,3,67
2025-26,31,G,Sánchez,CHE,0,6,220
2025-26,31,G,Pickford,EVE,0,3,287
2025-26,31,G,Martinez,AVL,0,2,32
2025-26,31,G,Leno,FUL,2,0,314
2025-26,31,G,Darlow,LEE,0,2,341
2025-26,31,G,Vicario,TOT,0,2,565
2025-26,31,G,José Sá,WOL,2,0,628
2025-26,31,M,B.Fernandes,MUN,198,191,449
2025-26,31,M,Wilson,FUL,38,77,329
2025-26,31,M,O.Dango,BRE,65,48,83
2025-26,31,M,Szoboszlai,LIV,65,25,387
2025-26,31,M,Mbeumo,MUN,35,39,119
2025-26,31,M,Anderson,NFO,40,28,517
2025-26,31,M,Gordon,NEW,37,27,485
2025-26,31,M,Tavernier,BOU,41,19,84
2025-26,31,M,Rogers,AVL,0,37,47
2025-26,31,M,Enzo,CHE,19,14,237
2025-26,31,M,Ndiaye,EVE,24,6,299
2025-26,32,D,Gabriel,ARS,67,89,5
2025-26,32,D,O'Reilly,MCI,75,67,411
2025-26,32,D,Van Hecke,BHA,76,55,151
2025-26,32,D,Virgil,LIV,21,27,373
2025-26,32,D,Senesi,BOU,18,8,72
2025-26,32,D,Thiaw,NEW,11,13,684
2025-26,32,D,F.Kadıoğlu,BHA,8,5,148
2025-26,32,D,Alderete,SUN,3,9,683
2025-26,32,D,Hill,BOU,8,3,77
2025-26,32,D,Hall,NEW,5,3,473
2025-26,32,F,Haaland,MCI,79,92,430
2025-26,32,F,João Pedro,CHE,51,55,249
2025-26,32,F,Calvert-Lewin,LEE,59,39,691
2025-26,32,F,Bowen,WHU,51,47,624
2025-26,32,F,Thiago,BRE,32,44,136
2025-26,32,F,Welbeck,BHA,3,11,178
2025-26,32,F,Ekitiké,LIV,2,5,661
2025-26,32,G,Verbruggen,BHA,76,70,139
2025-26,32,G,Raya,ARS,22,17,1
2025-26,32,G,Dúbravka,BUR,5,5,470
2025-26,32,G,Pickford,EVE,0,3,287
2025-26,32,G,Martinez,AVL,0,2,32
2025-26,32,G,Kelleher,BRE,0,2,101
2025-26,32,G,Lammens,MUN,0,2,733
2025-26,32,G,Roefs,SUN,0,2,670
2025-26,32,M,B.Fernandes,MUN,200,198,449
2025-26,32,M,Semenyo,MCI,75,67,82
2025-26,32,M,Palmer,CHE,78,61,235
2025-26,32,M,Groß,BHA,40,22,783
2025-26,32,M,Mitoma,BHA,29,14,157
2025-26,32,M,Gordon,NEW,16,17,485
2025-26,32,M,Mbeumo,MUN,11,19,119
2025-26,32,M,O.Dango,BRE,6,20,83
2025-26,32,M,Cunha,MUN,10,13,450
2025-26,32,M,Szoboszlai,LIV,14,6,387
2025-26,33,D,O'Reilly,MCI,91,92,411
2025-26,33,D,Senesi,BOU,95,86,72
2025-26,33,D,Struijk,LEE,83,77,343
2025-26,33,D,Hill,BOU,75,77,77
2025-26,33,D,Van Hecke,BHA,78,53,151
2025-26,33,D,Gudmundsson,LEE,22,9,347
2025-26,33,D,Bijol,LEE,5,17,344
2025-26,33,D,Gabriel,ARS,5,11,5
2025-26,33,D,F.Kadıoğlu,BHA,8,5,148
2025-26,33,D,Bogle,LEE,5,8,342
2025-26,33,F,Haaland,MCI,200,195,430
2025-26,33,F,João Pedro,CHE,89,98,249
2025-26,33,F,Calvert-Lewin,LEE,87,84,691
2025-26,33,F,Welbeck,BHA,0,14,178
2025-26,33,F,Thiago,BRE,10,2,136
2025-26,33,F,Evanilson,BOU,5,0,97
2025-26,33,F,Bowen,WHU,0,0,624
2025-26,33,G,Darlow,LEE,97,94,341
2025-26,33,G,Verbruggen,BHA,78,61,139
2025-26,33,G,Dúbravka,BUR,2,2,470
2025-26,33,G,Petrović,BOU,0,3,67
2025-26,33,G,Donnarumma,MCI,2,0,736
2025-26,33,M,Palmer,CHE,100,103,235
2025-26,33,M,Tavernier,BOU,100,95,84
2025-26,33,M,Semenyo,MCI,94,95,82
2025-26,33,M,B.Fernandes,MUN,75,56,449
2025-26,33,M,Groß,BHA,46,25,783
2025-26,33,M,Enzo,CHE,37,17,237
2025-26,33,M,Cherki,MCI,11,8,417
2025-26,33,M,Hinshelwood,BHA,0,16,163
2025-26,33,M,Rayan,BOU,5,3,807
2025-26,33,M,Scott,BOU,3,5,90
2025-26,34,D,Gabriel,ARS,98,98,5
2025-26,34,D,Virgil,LIV,83,81,373
2025-26,34,D,Pedro Porro,TOT,78,63,568
2025-26,34,D,Andersen,FUL,10,17,317
2025-26,34,D,Saliba,ARS,5,13,6
2025-26,34,D,Danso,TOT,14,2,570
2025-26,34,D,Alderete,SUN,3,11,683
2025-26,34,D,Mavropanos,WHU,3,9,606
2025-26,34,D,Mukiele,SUN,2,5,694
2025-26,34,D,Tarkowski,EVE,3,2,291
2025-26,34,F,Bowen,WHU,92,95,624
2025-26,34,F,Solanke,TOT,86,61,596
2025-26,34,F,Thiago,BRE,19,34,136
2025-26,34,F,Watkins,AVL,0,36,64
2025-26,34,F,Isak,LIV,0,5,499
2025-26,34,F,Wood,NFO,0,2,525
2025-26,34,F,Brobbey,SUN,0,2,730
2025-26,34,G,Raya,ARS,87,81,1
2025-26,34,G,Roefs,SUN,8,6,670
2025-26,34,G,Pickford,EVE,0,3,287
2025-26,34,G,Lammens,MUN,0,3,733
2025-26,34,G,Kinsky,TOT,2,2,567
2025-26,34,G,Hermansen,WHU,2,2,679
2025-26,34,G,Martinez,AVL,0,2,32
2025-26,34,G,Kelleher,BRE,0,2,101
2025-26,34,M,B.Fernandes,MUN,173,188,449
2025-26,34,M,M.Salah,LIV,111,84,381
2025-26,34,M,Rice,ARS,83,25,21
2025-26,34,M,Szoboszlai,LIV,68,39,387
2025-26,34,M,Xavi,TOT,43,47,717
2025-26,34,M,Wilson,FUL,22,39,329
2025-26,34,M,Wirtz,LIV,25,8,382
2025-26,34,M,Mbeumo,MUN,10,19,119
2025-26,34,M,Rogers,AVL,2,25,47
2025-26,34,M,Gakpo,LIV,11,13,384
2025-26,35,D,O'Reilly,MCI,75,97,411
2025-26,35,D,Struijk,LEE,71,58,343
2025-26,35,D,Senesi,BOU,76,36,72
2025-26,35,D,Gabriel,ARS,33,72,5
2025-26,35,D,Hill,BOU,25,22,77
2025-26,35,D,Muñoz,CRY,16,6,256
2025-26,35,D,Lacroix,CRY,14,3,257
2025-26,35,D,Saliba,ARS,6,5,6
2025-26,35,D,Justin,LEE,3,8,706
2025-26,35,D,Alderete,SUN,0,6,683
2025-26,35,F,Haaland,MCI,198,188,430
2025-26,35,F,Calvert-Lewin,LEE,97,75,691
2025-26,35,F,João Pedro,CHE,57,63,249
2025-26,35,F,Thiago,BRE,33,25,136
2025-26,35,F,Welbeck,BHA,0,16,178
2025-26,35,F,Bowen,WHU,2,13,624
2025-26,35,F,Watkins,AVL,0,3,64
2025-26,35,F,Evanilson,BOU,3,0,97
2025-26,35,G,Darlow,LEE,81,73,341
2025-26,35,G,Raya,ARS,19,23,1
2025-26,35,G,Verbruggen,BHA,2,2,139
2025-26,35,G,Henderson,CRY,3,0,253
2025-26,35,G,Martinez,AVL,0,2,32
2025-26,35,G,Petrović,BOU,0,2,67
2025-26,35,G,Kelleher,BRE,0,2,101
2025-26,35,G,Dúbravka,BUR,0,2,470
2025-26,35,G,Donnarumma,MCI,2,0,736
2025-26,35,G,Lammens,MUN,0,2,733
2025-26,35,G,Roefs,SUN,0,2,670
2025-26,35,G,José Sá,WOL,0,2,628
2025-26,35,M,B.Fernandes,MUN,100,103,449
2025-26,35,M,Tavernier,BOU,89,67,84
2025-26,35,M,Palmer,CHE,79,75,235
2025-26,35,M,Semenyo,MCI,49,67,82
2025-26,35,M,Cherki,MCI,11,31,417
2025-26,35,M,Enzo,CHE,22,9,237
2025-26,35,M,Rogers,AVL,3,16,47
2025-26,35,M,Wilson,FUL,16,3,329
2025-26,35,M,Rice,ARS,8,5,21
2025-26,35,M,Eze,ARS,0,11,266
2025-26,36,D,O'Reilly,MCI,98,98,411
2025-26,36,D,Gabriel,ARS,91,89,5
2025-26,36,D,Van Hecke,BHA,79,59,151
2025-26,36,D,Lacroix,CRY,40,36,257
2025-26,36,D,Senesi,BOU,25,13,72
2025-26,36,D,Muñoz,CRY,18,17,256
2025-26,36,D,F.Kadıoğlu,BHA,11,13,148
2025-26,36,D,Hill,BOU,2,13,77
2025-26,36,D,Canvot,CRY,2,11,723
2025-26,36,D,Saliba,ARS,6,5,6
2025-26,36,F,Haaland,MCI,241,208,430
2025-26,36,F,Calvert-Lewin,LEE,38,44,691
2025-26,36,F,Welbeck,BHA,24,38,178
2025-26,36,F,João Pedro,CHE,6,33,249
2025-26,36,F,Gyökeres,ARS,10,17,666
2025-26,36,F,Thiago,BRE,10,9,136
2025-26,36,F,Bowen,WHU,0,6,624
2025-26,36,F,Watkins,AVL,0,3,64
2025-26,36,G,Verbruggen,BHA,71,61,139
2025-26,36,G,Henderson,CRY,22,20,253
2025-26,36,G,Raya,ARS,16,23,1
2025-26,36,G,Darlow,LEE,2,6,341
2025-26,36,G,Martinez,AVL,0,2,32
2025-26,36,G,Kelleher,BRE,0,2,101
2025-26,36,G,Pickford,EVE,0,2,287
2025-26,36,G,Lammens,MUN,0,2,733
2025-26,36,M,B.Fernandes,MUN,98,97,449
2025-26,36,M,Cherki,MCI,95,66,417
2025-26,36,M,Tavernier,BOU,89,33,84
2025-26,36,M,Palmer,CHE,68,14,235
2025-26,36,M,Saka,ARS,13,66,16
2025-26,36,M,Groß,BHA,43,30,783
2025-26,36,M,Semenyo,MCI,6,41,82
2025-26,36,M,Wilson,FUL,16,17,329
2025-26,36,M,Rogers,AVL,3,17,47
2025-26,36,M,Hinshelwood,BHA,0,19,163
2025-26,37,D,Gabriel,ARS,100,97,5
2025-26,37,D,O'Reilly,MCI,87,98,411
2025-26,37,D,Van Hecke,BHA,65,42,151
2025-26,37,D,Saliba,ARS,29,16,6
2025-26,37,D,Keane,EVE,6,13,295
2025-26,37,D,F.Kadıoğlu,BHA,5,8,148
2025-26,37,D,Tarkowski,EVE,6,2,291
2025-26,37,D,Senesi,BOU,0,5,72
2025-26,37,D,Muñoz,CRY,0,5,256
2025-26,37,D,Lewis-Skelly,ARS,3,0,10
2025-26,37,F,Haaland,MCI,98,103,430
2025-26,37,F,Gyökeres,ARS,60,69,666
2025-26,37,F,Calvert-Lewin,LEE,68,36,691
2025-26,37,F,João Pedro,CHE,29,44,249
2025-26,37,F,Thiago,BRE,37,20,136
2025-26,37,F,Welbeck,BHA,22,33,178
2025-26,37,F,Bowen,WHU,2,5,624
2025-26,37,F,Watkins,AVL,0,3,64
2025-26,37,G,Verbruggen,BHA,71,55,139
2025-26,37,G,Raya,ARS,21,28,1
2025-26,37,G,Darlow,LEE,6,11,341
2025-26,37,G,Leno,FUL,2,2,314
2025-26,37,G,Henderson,CRY,0,3,253
2025-26,37,G,Martinez,AVL,0,2,32
2025-26,37,G,Kelleher,BRE,0,2,101
2025-26,37,G,Pickford,EVE,0,2,287
2025-26,37,G,Lammens,MUN,0,2,733
2025-26,37,M,B.Fernandes,MUN,132,108,449
2025-26,37,M,Saka,ARS,89,122,16
2025-26,37,M,Cherki,MCI,78,53,417
2025-26,37,M,Groß,BHA,35,25,783
2025-26,37,M,Palmer,CHE,29,11,235
2025-26,37,M,Semenyo,MCI,5,34,82
2025-26,37,M,Enzo,CHE,27,9,237
2025-26,37,M,Ndiaye,EVE,25,9,299
2025-26,37,M,Wilson,FUL,16,19,329
2025-26,37,M,Rice,ARS,14,9,21
2025-26,38,D,Van Hecke,BHA,79,59,151
2025-26,38,D,Hill,BOU,60,53,77
2025-26,38,D,Gabriel,ARS,64,36,5
2025-26,38,D,Senesi,BOU,40,25,72
2025-26,38,D,Struijk,LEE,18,30,343
2025-26,38,D,F.Kadıoğlu,BHA,11,11,148
2025-26,38,D,Lacroix,CRY,11,11,257
2025-26,38,D,Keane,EVE,6,13,295
2025-26,38,D,Pedro Porro,TOT,2,17,568
2025-26,38,D,Saliba,ARS,11,6,6
2025-26,38,F,Bowen,WHU,162,108,624
2025-26,38,F,Calvert-Lewin,LEE,78,48,691
2025-26,38,F,João Pedro,CHE,27,44,249
2025-26,38,F,Welbeck,BHA,22,34,178
2025-26,38,F,Thiago,BRE,37,19,136
2025-26,38,F,Gyökeres,ARS,19,25,666
2025-26,38,F,Richarlison,TOT,0,25,597
2025-26,38,F,Haaland,MCI,5,6,430
2025-26,38,F,Taty,WHU,2,2,791
2025-26,38,F,Kroupi.Jr,BOU,0,2,100
2025-26,38,F,Flemming,BUR,0,2,215
2025-26,38,F,Osula,NEW,0,2,500
2025-26,38,G,Verbruggen,BHA,73,55,139
2025-26,38,G,Darlow,LEE,11,23,341
2025-26,38,G,Henderson,CRY,14,9,253
2025-26,38,G,Leno,FUL,2,2,314
2025-26,38,G,Raya,ARS,0,3,1
2025-26,38,G,Petrović,BOU,0,2,67
2025-26,38,G,Kelleher,BRE,0,2,101
2025-26,38,G,Pickford,EVE,0,2,287
2025-26,38,G,Lammens,MUN,0,2,733
2025-26,38,G,José Sá,WOL,0,2,628
2025-26,38,M,B.Fernandes,MUN,103,119,449
2025-26,38,M,Tavernier,BOU,81,53,84
2025-26,38,M,M.Salah,LIV,51,73,381
2025-26,38,M,Groß,BHA,38,28,783
2025-26,38,M,Palmer,CHE,30,13,235
2025-26,38,M,Semenyo,MCI,5,34,82
2025-26,38,M,Foden,MCI,21,17,414
2025-26,38,M,Enzo,CHE,27,9,237
2025-26,38,M,Ndiaye,EVE,25,9,299
2025-26,38,M,Hinshelwood,BHA,0,22,163
2025-26,38,M,Szoboszlai,LIV,11,9,387
2025-26,38,M,Wilson,FUL,8,9,329
