season,gw,pos,player,team,ae64_own,e64_own,fpl_id
2025-26,1,G,Dúbravka,BUR,97,90,470
2025-26,1,G,Sánchez,CHE,70,57,220
2025-26,1,G,Sels,NFO,0,36,502
2025-26,1,G,Vicario,TOT,16,2,565
2025-26,1,G,Verbruggen,BHA,6,8,139
2025-26,1,G,Petrović,BOU,6,2,67
2025-26,1,G,Kelleher,BRE,2,2,101
2025-26,1,G,Perri,LEE,2,2,665
2025-26,1,G,M.Bizot,AVL,0,2,33
2025-26,1,G,Raya,ARS,2,0,1
2025-26,1,G,Valdimarsson,BRE,0,2,105
2025-26,1,D,Pedro Porro,TOT,98,94,568
2025-26,1,D,Estève,BUR,88,87,191
2025-26,1,D,Andersen,FUL,95,57,317
2025-26,1,D,Murillo,NFO,98,47,506
2025-26,1,D,Dorgu,MUN,45,21,441
2025-26,1,D,N.Williams,NFO,13,32,508
2025-26,1,D,Van de Ven,TOT,2,31,575
2025-26,1,D,Romero,TOT,20,7,569
2025-26,1,D,Richards,CRY,6,16,261
2025-26,1,D,Agbadou,WOL,13,7,631
2025-26,1,D,Rodon,LEE,0,18,348
2025-26,1,D,Milenković,NFO,2,11,505
2025-26,1,D,Diouf,WHU,0,11,603
2025-26,1,D,Aït-Nouri,MCI,0,11,402
2025-26,1,D,Tarkowski,EVE,5,5,291
2025-26,1,D,Konsa,AVL,0,10,38
2025-26,1,D,Gudmundsson,LEE,5,5,347
2025-26,1,D,Tosin,CHE,0,8,232
2025-26,1,D,Muñoz,CRY,3,3,256
2025-26,1,D,De Cuyper,BHA,0,5,145
2025-26,1,D,Senesi,BOU,2,2,72
2025-26,1,D,Lacroix,CRY,0,3,257
2025-26,1,D,Gabriel,ARS,2,2,5
2025-26,1,D,Cucurella,CHE,0,3,224
2025-26,1,D,Virgil,LIV,3,0,373
2025-26,1,D,Reinildo,SUN,0,2,541
2025-26,1,D,Keane,EVE,0,2,295
2025-26,1,D,Hartman,BUR,0,2,192
2025-26,1,D,Spence,TOT,2,0,573
2025-26,1,D,Frimpong,LIV,0,2,370
2025-26,1,M,Palmer,CHE,100,97,235
2025-26,1,M,M.Salah,LIV,98,90,381
2025-26,1,M,B.Fernandes,MUN,100,58,449
2025-26,1,M,Wirtz,LIV,75,63,382
2025-26,1,M,Georginio,BHA,56,19,158
2025-26,1,M,Reijnders,MCI,16,53,427
2025-26,1,M,Rogers,AVL,0,31,47
2025-26,1,M,Tielemans,AVL,20,5,48
2025-26,1,M,Dewsbury-Hall,EVE,0,23,242
2025-26,1,M,Anderson,NFO,9,7,517
2025-26,1,M,L.Paquetá,WHU,9,5,612
2025-26,1,M,Saka,ARS,0,13,16
2025-26,1,M,Kudus,TOT,0,11,582
2025-26,1,M,Sarr,CRY,6,5,267
2025-26,1,M,Gakpo,LIV,3,5,384
2025-26,1,M,Mitoma,BHA,5,2,157
2025-26,1,M,Ndiaye,EVE,0,3,299
2025-26,1,M,Tonali,NEW,0,2,491
2025-26,1,M,Eze,CRY,2,0,266
2025-26,1,M,Potts,WHU,0,2,623
2025-26,1,M,Cunha,MUN,0,2,450
2025-26,1,M,Carvalho,BRE,0,2,123
2025-26,1,M,Marmoush,MCI,0,2,413
2025-26,1,M,Gonzalez,WOL,0,2,652
2025-26,1,M,P.M.Sarr,TOT,0,2,593
2025-26,1,F,Marc Guiu,SUN,89,86,252
2025-26,1,F,Strand Larsen,WOL,73,36,654
2025-26,1,F,Mateta,CRY,84,24,283
2025-26,1,F,Watkins,AVL,16,86,64
2025-26,1,F,João Pedro,CHE,0,40,249
2025-26,1,F,Evanilson,BOU,17,3,97
2025-26,1,F,Thiago,BRE,11,3,136
2025-26,1,F,Haaland,MCI,2,5,430
2025-26,1,F,Kroupi.Jr,BOU,6,0,100
2025-26,1,F,Bowen,WHU,0,5,624
2025-26,1,F,Ekitiké,LIV,0,3,661
2025-26,1,F,Füllkrug,WHU,0,3,625
2025-26,1,F,Wood,NFO,0,3,525
2025-26,1,F,Gyökeres,ARS,0,2,666
2025-26,1,F,Marshall,WHU,2,0,626
2025-26,1,F,Raúl,FUL,0,2,337
