gw,ae64_n,ae64_cap_top,ae64_cap_share,ae64_cap_eff,ae64_chip_WC,ae64_chip_FH,ae64_chip_TC,ae64_chip_BB,e64_n,e64_cap_top,e64_cap_share,e64_cap_eff,e64_chip_WC,e64_chip_FH,e64_chip_TC,e64_chip_BB,ae64_transfers_pm,ae64_roll_share,ae64_ft_bank_next,ae64_hit_share,ae64_in_top,ae64_in_top_n,ae64_in_top_share_of_all,e64_transfers_pm,e64_roll_share,e64_ft_bank_next,e64_hit_share,e64_in_top,e64_in_top_n,e64_in_top_share_of_all,ae64_n50,ae64_eo_listed,ae64_listed_score,e64_n50,e64_eo_listed,e64_listed_score,divergence,delta_ae_minus_e
1,64,M.Salah,0.984,1.03,0,0,0,2,62,M.Salah,0.903,1.22,0,0,0,5,,,,,,,,,,,,,,,,,,,,,,
2,64,M.Salah,0.641,1.89,0,0,0,0,64,M.Salah,0.635,2.28,0,0,0,2,0.06,0.938,1.94,0.0,Reijnders,3.0,0.75,0.16,0.844,1.84,0.0,Reijnders,7.0,0.7,,,,,,,,
3,64,B.Fernandes,1.0,1.0,0,2,0,0,69,B.Fernandes,0.531,3.01,4,1,1,1,1.71,0.097,1.27,0.016,Gyökeres,44.0,0.415,1.71,0.017,1.24,0.047,Sarr,18.0,0.186,,,,,,,,
4,64,M.Salah,0.984,1.03,13,0,1,0,64,M.Salah,0.953,1.1,8,4,0,0,1.06,0.137,1.22,0.0,Lacroix,12.0,0.226,1.02,0.212,1.36,0.141,Semenyo,15.0,0.283,,,,,,,,
5,64,M.Salah,0.984,1.03,0,0,0,20,64,M.Salah,0.938,1.13,0,0,0,12,0.16,0.875,2.06,0.0,Senesi,2.0,0.2,0.16,0.844,2.2,0.0,Semenyo,5.0,0.5,,,,,,,,
6,64,Haaland,1.0,1.0,46,5,12,0,64,Haaland,0.984,1.03,28,0,32,0,1.85,0.077,1.89,0.0,Haaland,11.0,0.458,2.06,0.056,1.72,0.094,Haaland,27.0,0.365,,,,,,,,
7,64,Haaland,0.891,1.25,1,0,0,29,64,Haaland,0.984,1.03,2,0,0,10,0.16,0.857,2.72,0.0,Gabriel,4.0,0.4,0.68,0.5,2.08,0.062,Gabriel,8.0,0.182,,,,,,,,
8,64,Haaland,0.891,1.24,1,0,0,0,64,Haaland,0.984,1.03,7,0,0,11,0.29,0.825,3.42,0.0,Saka,4.0,0.222,0.7,0.561,2.41,0.062,Saka,7.0,0.175,,,,,,,,
9,64,Haaland,0.625,2.16,0,0,0,0,64,Haaland,0.969,1.07,6,0,0,3,1.09,0.312,3.33,0.0,Enzo,39.0,0.557,1.17,0.379,2.25,0.0,Enzo,25.0,0.368,,,,,,,,
10,64,Haaland,0.906,1.21,0,0,0,0,64,Haaland,0.969,1.06,5,0,0,4,1.38,0.234,2.95,0.0,Mateta,25.0,0.284,1.42,0.136,1.89,0.031,Mateta,39.0,0.464,10.0,1176.0,81.7,8.0,1140.0,76.9,320.0,4.8
11,64,Haaland,0.828,1.41,0,1,0,1,64,Haaland,0.891,1.25,0,2,0,6,1.4,0.302,2.56,0.0,Saka,24.0,0.273,0.87,0.5,2.08,0.062,Marc Guiu,8.0,0.148,10.0,1179.0,45.2,9.0,1180.0,42.6,277.0,2.5
12,64,Saka,0.484,2.67,1,0,0,3,64,Haaland,0.672,2.0,0,0,0,0,1.63,0.048,1.94,0.0,Virgil,33.0,0.32,1.61,0.062,1.56,0.094,Virgil,46.0,0.447,10.0,1187.0,51.6,10.0,1183.0,44.0,279.0,7.5
13,64,Haaland,0.984,1.03,1,27,11,1,64,Haaland,0.984,1.03,1,42,6,0,1.33,0.167,1.75,0.0,Foden,16.0,0.333,1.14,0.19,1.55,0.016,Thiago,5.0,0.208,7.0,1145.0,61.2,8.0,1088.0,55.7,256.0,5.5
14,64,B.Fernandes,0.969,1.07,0,10,1,0,64,Haaland,0.531,2.17,0,1,0,0,1.24,0.241,1.55,0.0,Anderson,11.0,0.164,1.24,0.095,1.42,0.109,Anderson,19.0,0.244,9.0,1124.0,60.3,9.0,1129.0,60.7,242.0,-0.4
15,64,Haaland,1.0,1.0,1,1,1,1,64,Haaland,0.984,1.03,1,1,1,0,1.53,0.032,5.0,0.016,Foden,26.0,0.274,1.45,0.0,5.0,0.016,Foden,37.0,0.411,9.0,1170.0,57.6,10.0,1160.0,51.5,220.0,6.1
16,64,Saka,0.906,1.2,0,13,0,1,64,Saka,0.922,1.17,2,4,1,1,2.12,0.02,4.09,0.0,Szoboszlai,26.0,0.241,2.81,0.0,3.36,0.0,Thiago,28.0,0.172,10.0,1169.0,75.2,9.0,1109.0,76.8,189.0,-1.6
17,64,Haaland,1.0,1.0,0,5,37,4,64,Haaland,0.984,1.03,0,1,23,2,0.81,0.458,4.25,0.0,Semenyo,7.0,0.146,1.14,0.317,3.22,0.0,Wilson,16.0,0.222,10.0,1225.0,82.1,11.0,1199.0,78.9,171.0,3.3
18,64,Haaland,1.0,1.0,0,0,0,1,64,Haaland,0.844,1.37,0,1,0,6,2.23,0.0,3.02,0.0,Cunha,54.0,0.378,2.54,0.032,1.91,0.188,Cunha,46.0,0.288,10.0,1141.0,42.2,9.0,1155.0,43.4,250.0,-1.1
19,64,Cunha,0.875,1.28,0,0,1,1,64,Haaland,0.812,1.46,0,7,0,0,1.28,0.219,2.73,0.0,Szoboszlai,27.0,0.329,1.02,0.333,1.98,0.094,Gordon,11.0,0.19,8.0,1172.0,42.0,7.0,1107.0,36.4,328.0,5.6
20,64,Haaland,0.984,1.03,0,0,0,0,64,Haaland,0.984,1.03,0,0,0,0,0.75,0.469,2.98,0.0,Gabriel,19.0,0.396,1.28,0.234,1.84,0.125,Gabriel,36.0,0.439,9.0,1146.0,46.2,7.0,1106.0,44.0,245.0,2.2
21,64,Haaland,1.0,1.0,0,0,0,0,64,Haaland,0.984,1.03,1,0,0,0,0.36,0.672,3.62,0.0,Tavernier,10.0,0.435,0.67,0.556,2.2,0.031,Gabriel,11.0,0.262,9.0,1122.0,53.8,6.0,1074.0,47.3,245.0,6.4
22,64,Haaland,0.984,1.03,0,0,0,0,64,Haaland,0.891,1.25,0,0,0,0,1.7,0.016,2.92,0.0,Tavernier,37.0,0.339,1.06,0.234,2.14,0.0,Enzo,14.0,0.206,9.0,1143.0,40.4,6.0,1099.0,37.1,299.0,3.4
23,64,Saka,0.469,3.25,0,2,0,0,64,Haaland,0.266,5.02,2,0,0,0,1.31,0.226,2.62,0.0,B.Fernandes,36.0,0.444,1.02,0.306,2.17,0.047,B.Fernandes,35.0,0.556,8.0,1089.0,43.7,7.0,1075.0,39.3,297.0,4.4
24,64,B.Fernandes,1.0,1.0,0,0,0,0,64,B.Fernandes,0.844,1.37,4,0,0,1,1.23,0.203,2.39,0.0,Mbeumo,17.0,0.215,1.28,0.25,1.94,0.031,B.Fernandes,17.0,0.221,10.0,1151.0,66.7,7.0,1122.0,67.5,305.0,-0.8
25,64,B.Fernandes,0.969,1.07,0,0,0,0,64,B.Fernandes,0.969,1.07,0,0,0,1,1.34,0.188,2.05,0.0,Rice,34.0,0.395,1.05,0.281,1.84,0.016,Rice,29.0,0.408,11.0,1155.0,70.9,9.0,1136.0,68.8,247.0,2.0
26,64,Gabriel,0.922,1.17,0,0,37,0,64,Gabriel,0.953,1.1,0,0,54,2,0.86,0.266,2.19,0.0,Muñoz,19.0,0.345,0.78,0.406,2.08,0.016,Muñoz,19.0,0.38,10.0,1204.0,68.6,8.0,1220.0,64.9,264.0,3.7
27,64,Haaland,0.812,1.44,0,0,0,0,64,Haaland,0.844,1.38,0,0,0,0,0.31,0.781,2.88,0.0,O.Dango,11.0,0.55,0.53,0.672,2.56,0.016,Thiago,13.0,0.382,9.0,1148.0,46.4,7.0,1105.0,41.0,244.0,5.4
28,64,B.Fernandes,0.844,1.38,0,0,0,0,64,B.Fernandes,0.547,2.09,0,0,0,1,1.5,0.203,2.38,0.0,O.Dango,28.0,0.292,1.94,0.062,1.7,0.078,O.Dango,28.0,0.226,9.0,1155.0,70.3,9.0,1156.0,71.0,262.0,-0.7
29,63,Haaland,0.667,2.02,0,0,0,0,64,Haaland,0.797,1.54,0,0,0,0,0.41,0.698,2.92,0.0,Calvert-Lewin,8.0,0.308,0.3,0.812,2.42,0.016,Tavernier,6.0,0.316,9.0,1170.0,58.0,7.0,1132.0,48.1,268.0,10.0
30,63,B.Fernandes,0.556,1.98,0,0,0,0,64,B.Fernandes,0.734,1.76,0,0,0,0,0.68,0.603,3.24,0.0,M.Salah,16.0,0.372,0.7,0.562,2.72,0.0,M.Salah,8.0,0.178,9.0,1166.0,61.9,8.0,1128.0,59.1,243.0,2.8
31,63,B.Fernandes,0.984,1.03,0,0,0,0,64,B.Fernandes,0.922,1.17,0,0,0,0,1.27,0.159,2.98,0.016,Gordon,21.0,0.262,1.23,0.172,2.53,0.047,Thiaw,23.0,0.291,7.0,1162.0,57.4,7.0,1128.0,55.8,254.0,1.6
32,63,B.Fernandes,1.0,1.0,49,0,0,3,64,B.Fernandes,0.984,1.03,39,0,0,1,1.5,0.214,2.87,0.0,Bowen,7.0,0.333,1.12,0.2,2.48,0.0,Bowen,18.0,0.643,11.0,1151.0,59.9,9.0,1112.0,57.6,132.0,2.3
33,63,Haaland,1.0,1.0,4,10,0,49,64,Haaland,0.969,1.06,5,21,0,38,1.43,0.204,2.56,0.016,Enzo,21.0,0.3,1.29,0.132,2.33,0.016,Enzo,11.0,0.224,14.0,1508.0,121.5,14.0,1411.0,111.1,120.0,10.4
34,63,B.Fernandes,0.762,1.57,0,51,0,0,64,B.Fernandes,0.906,1.2,0,43,0,0,1.25,0.417,2.51,0.0,Solanke,4.0,0.267,1.38,0.238,2.22,0.016,M.Salah,4.0,0.138,10.0,1143.0,55.3,8.0,1124.0,54.9,184.0,0.3
35,63,Haaland,0.984,1.03,10,0,0,4,64,Haaland,0.891,1.25,12,0,0,6,0.28,0.774,3.11,0.0,Gabriel,4.0,0.267,0.58,0.5,2.56,0.0,Gabriel,13.0,0.433,10.0,1193.0,57.0,11.0,1195.0,53.5,190.0,3.4
36,63,Haaland,1.0,1.0,0,0,26,7,64,Haaland,0.969,1.07,1,0,10,11,2.21,0.063,1.9,0.0,Cherki,45.0,0.324,2.05,0.079,1.56,0.031,Saka,38.0,0.295,9.0,1243.0,76.3,8.0,1230.0,76.0,232.0,0.3
37,63,Saka,0.397,3.0,0,0,0,0,64,Saka,0.484,3.03,0,0,0,3,1.54,0.063,1.37,0.0,Saka,23.0,0.237,1.17,0.156,1.44,0.047,Gyökeres,15.0,0.2,10.0,1167.0,58.8,8.0,1105.0,55.1,196.0,3.7
38,63,Bowen,0.597,2.45,0,0,0,0,64,Bowen,0.349,4.75,0,0,0,0,1.41,0.032,,0.238,Bowen,59.0,0.608,1.55,0.047,,0.469,Bowen,41.0,0.336,9.0,1154.0,60.2,7.0,1075.0,55.8,255.0,4.4
